ReviewID,Keyword,Frequency
1,battery,1
1,fully charged,1
3,chromebook,1
3,portable,1
4,grad school,1
4,ordering,1
4,issues,1
4,apple product,1
4,lightweight,1
5,connect,3
5,stand,4
5,cover,3
5,surface pro 3,1
5,mouse,1
5,powered,1
5,crystal clear,1
5,figured,1
5,netbook,1
5,touch screen,2
5,hours,1
5,accessories,1
5,keyboards,1
5,stream,2
5,64gb card,1
5,experience,1
5,longer,1
5,charging,1
5,irulu tablet,2
5,monitor,1
5,charge,1
5,refund,1
5,battery life,1
5,games,2
5,issues,1
5,magnet,3
5,keyboard dock,1
5,received,1
5,light,3
5,replacement,2
5,regular keyboard,1
5,applications,1
5,1 year warranty,1
5,irulu,5
5,watching movies,1
5,storage space,2
5,upset,1
5,advertised,1
5,input,1
5,connecting,1
5,performance,3
5,usb hub,1
5,works fine,1
5,purchase,1
5,touchscreen,1
5,storage,4
5,greatest,1
5,keyboard cover,1
5,usb 3,1
5,active stylus,1
6,resolution,1
6,form factor,1
9,surface book,1
10,surface book,1
11,return,1
11,sensitive,2
11,setting,2
11,touch pad,1
11,connect,1
11,touch screen,1
11,disappointed,1
11,clicked,1
12,school work,1
12,fits perfectly,1
12,purchase,1
12,completely satisfied,1
14,fast laptop,1
14,chromebook,1
14,customer service,1
14,slower,1
14,price,1
14,apple,1
14,money,1
14,boyfriend,1
14,asus product,1
15,portability,1
15,shipping,1
16,warranty repair,1
16,returning,1
16,quality product,1
16,repaired,1
16,purchase,2
17,return,1
17,games,1
17,writing,1
17,listen,1
17,issues,1
17,great battery life,1
17,received,1
17,usb hub,1
17,4gb memory,1
17,crashes,1
17,email,1
17,charged,1
17,chromebook,3
17,durable,2
17,music,1
17,silver,1
17,basically,1
17,macbook,1
17,battery,3
17,speed,1
17,external mouse,1
17,books,1
19,4gb ram,1
19,restart,1
19,internet,1
19,start,4
19,lightweight,1
19,reliable,1
19,lemon,1
20,stolen,1
21,external drive,1
21,tech support,2
21,restart,1
21,sleeping,1
21,keyboards,1
21,great battery life,1
21,asleep,1
21,win 10,1
21,drivers,1
21,software issue,1
21,finger scroll,1
21,board storage,1
21,weight,1
21,win10,1
21,crash,2
21,unreliable,1
21,versions,1
21,software,2
21,connect,1
21,memory card,1
21,build quality,1
23,light,1
24,daughter,1
24,games,1
24,option,1
24,opens,1
24,chrome book,2
25,plenty,1
25,storage,1
25,light,1
25,weight,1
25,touch screen works,1
25,incredibly fast,1
27,replacement,1
27,replace,2
27,returned,1
27,received,2
28,speed,1
28,chromebook,1
28,worth,1
29,daughter,1
29,shipped,1
29,ahead,1
29,helpful,1
29,suffer,1
29,received,1
29,repair,2
29,fixed,1
29,office,1
29,decent computer,1
29,limited,1
29,upgraded,1
29,charge,2
29,figured,1
29,macbook,1
29,update,2
29,college,1
29,reading,1
29,spoke,1
29,troubleshoot,1
30,crashed,1
30,hard drive,1
30,email,1
31,small,2
31,rotation,2
31,turns,1
31,quiet,1
31,great deal,1
31,notebook,3
31,shift,1
31,hardware,1
31,music,5
31,laptops,1
31,rotate,1
31,separate,1
31,battery life,1
31,screen brightness,1
31,surface pro,1
31,backlit keyboard,1
31,enter,1
31,extended periods,1
31,print,2
31,8 gb ram,1
31,excellent,1
31,version,1
31,portrait mode,1
32,worst laptop,1
33,battery,1
33,big hands,1
33,flip screen,1
34,refund,1
34,charging,1
35,windows 10,1
36,laptop/tablet,1
36,responsive,1
36,price,1
36,office,1
36,quick,1
36,sister,1
36,web browsing,1
37,booting,1
38,day long,1
38,i7 version,1
38,problem,1
38,mobility,1
38,versatility,1
38,slowing,1
38,overheating,2
38,programmer,1
39,hardware problem,1
39,lenovo product,1
39,lenovo,2
39,house,1
39,decent computer,1
39,purchase,1
39,replace,1
39,basically,1
39,figured,1
39,warranty,2
39,internet,2
39,connected,1
39,word processing,1
39,power source,1
39,warranty expired,1
39,brand,1
39,internet browsing,1
40,glare,1
40,light,1
40,display,1
40,product description,1
40,error,1
41,inexpensive,1
41,cheaply made,1
41,return,1
43,notice,1
43,hp laptop,1
43,return,1
43,windows 10,1
43,256gb ssd,1
43,intel core i5,1
43,refunded,1
43,purchase,2
44,seller,1
44,battery life,1
44,microsoft word,1
44,light weight,1
44,worth,1
44,portable,1
44,chrome,1
44,returning,1
44,purchase,2
44,nice screen,1
44,charged,1
44,application,1
44,bluetooth,1
47,detachable,1
47,carry,1
48,charger,2
48,defective,1
49,tablet mode,1
51,4gb ram,1
51,windows update,1
53,outlook,1
53,microsd card,1
53,excel,1
53,windows 10,1
53,background,1
53,photoshop,1
53,autocad,1
53,wrote,1
53,startup,2
53,reboot,3
53,watch,1
55,stuff,1
55,games,3
55,attached,1
55,detach,4
55,issues,2
55,monitor,1
55,website,1
55,disappointed,2
55,tablet mode,2
55,bit heavy,1
55,visual studio,1
55,power,2
55,touch,4
55,volume,1
55,laptop mode,1
55,programming,2
55,utility,1
55,button,2
55,8gb ram,1
55,program,3
55,small,1
55,works fine,1
55,drawing,3
55,reset,2
55,desktop,1
55,balance,1
55,power button,1
56,stuff,1
56,games,3
56,attached,1
56,detach,4
56,issues,2
56,monitor,1
56,website,1
56,disappointed,2
56,tablet mode,2
56,bit heavy,1
56,visual studio,1
56,power,2
56,touch,4
56,volume,1
56,laptop mode,1
56,programming,2
56,utility,1
56,button,2
56,8gb ram,1
56,program,3
56,small,1
56,works fine,1
56,drawing,3
56,reset,2
56,desktop,1
56,balance,1
56,power button,1
57,school,1
57,light,1
57,speakers,1
58,charging,1
58,scratch,1
58,windows 8,1
58,cover,1
60,keyboard feels,1
60,buttons,1
60,option,1
60,house,1
60,small hands,1
60,touch pad,1
60,large,1
60,carry,1
60,mouse,1
60,glossy,1
60,press,2
60,small computer,1
60,bloatware,1
60,space,1
62,shipped,1
62,advertised,1
63,touchscreen,1
63,outlook,1
63,function,1
63,brilliant,1
63,price,1
63,purchase,1
66,windows,1
67,updated,1
69,return,1
69,hp spectre,1
69,packaging,1
69,recognize,1
70,buttons,1
70,beautiful design,1
70,problem,2
70,reinstall,1
70,options,1
70,stopped working,1
70,deliver,1
70,pressed,1
70,button,2
70,charge,1
70,touchpad,1
70,company,1
70,space,1
71,inexpensive,1
71,works beautifully,1
71,chromebook,1
71,light weight,1
71,fits perfectly,1
72,android apps,1
72,macbook air,1
72,chromebook,1
72,display,1
72,price,1
73,play store,2
73,small,2
73,samsung chromebook,1
73,backlight,2
73,bigger screen,1
73,experience,3
73,windows,10
73,quality,2
73,tablet mode,3
73,reboot,1
73,windows machine,1
73,asus flip,2
73,handy,1
73,android app,2
73,tablets,1
73,replacement,1
73,browsing,1
73,night,1
73,screen rotation,1
73,hundred dollars,1
73,samsung pro,2
73,excellent,2
73,email,1
73,websites,1
73,beta channel,1
73,charging,2
73,charge,2
73,low light,1
73,portrait mode,1
73,backlit keyboard,1
73,chrome,10
73,smooth,1
73,replace,2
73,android apps,1
73,operate,1
73,super quick,1
73,struggling,1
73,plugged,1
73,finding,1
73,chromebooks,4
73,viewing,1
73,issues,3
73,price,1
73,watch movies,1
73,updated,1
73,samsung,5
73,website,2
73,light,5
73,touchpad,1
73,charm,1
73,windows device,4
73,solid,1
73,software,4
73,compared,2
73,android tablet,6
73,build quality,1
73,laptop mode,1
73,chromebook,9
73,update,2
73,portable laptop,1
73,performance,1
73,display,1
73,tablet experience,1
73,options,1
73,android,17
73,limited,1
73,windows laptop,1
73,browser,3
73,perfect device,1
73,sound,2
73,purchase,1
73,big deal,1
73,outlet,1
75,battery life,1
75,charger,2
75,usability,1
75,price,1
75,chargers,1
75,steal,1
75,received,1
75,software,1
75,surface pro 4,1
76,install,1
76,repair,2
76,computer back,3
76,applications,2
76,company,1
76,dell computer,1
76,video,1
77,contacted dell,1
77,registered,1
78,setting,1
78,form factor,1
78,large,1
78,comfortable,1
78,anticipated,1
78,shipped,1
78,complaint,1
78,lenovo product,1
78,hours,2
78,performance,1
78,excellent,1
78,experience,1
78,function keys,1
78,battery life,2
78,desktop,1
78,replace,2
78,answer,1
78,surfing,1
78,speak,1
79,touch screen,1
79,extremely responsive,1
80,hdmi output,1
80,complaint,1
80,powerful,1
80,windows 8,1
80,robust,1
81,upgrade,1
81,advertised,1
83,returning,2
83,fixed,1
83,connect,2
83,play games,1
83,uninstalling,1
83,reliability,1
83,android phone,1
83,light weight,1
83,drivers,1
83,wireless,4
83,macbook,2
83,support,2
83,restart,1
83,problem,3
83,program,1
83,connection,1
83,worth,1
83,microsoft,6
83,surface,4
83,surface book,1
83,rebooting,2
83,watch movies,1
83,sleep mode,1
83,delivered,1
83,macbook pro,1
84,returning,2
84,fixed,1
84,connect,2
84,play games,1
84,uninstalling,1
84,reliability,1
84,android phone,1
84,light weight,1
84,drivers,1
84,wireless,4
84,macbook,2
84,support,2
84,restart,1
84,problem,3
84,program,1
84,connection,1
84,worth,1
84,microsoft,6
84,surface,4
84,surface book,1
84,rebooting,2
84,watch movies,1
84,sleep mode,1
84,delivered,1
84,macbook pro,1
86,advertised,1
86,supposed,1
87,trackpad,1
87,durability,1
89,super light,1
89,compact,1
90,return,1
90,sites,1
90,chromebook,1
90,longer works,1
91,setting,1
91,desktop pc,1
91,price,1
91,worked properly,1
91,small,1
91,common problem,1
91,common issue,1
91,good performance,1
91,power,1
91,software,2
91,motherboard,1
91,problem,3
91,hours,1
91,skype,2
91,speaker,3
91,purchase,2
91,phone,1
91,battery,2
91,cheap,1
91,lightweight,1
91,hitting,1
91,connection,4
92,chromebook,1
93,price,1
94,bright,4
94,hinge,1
94,updates,1
94,heavy,1
94,mouse,1
94,durability,1
94,screen brightness,1
94,scratches,2
94,holding,1
94,glare,1
94,design,3
94,performance,2
94,watching videos,1
94,errors,1
94,purchase,1
94,weight,1
94,touchpad,1
94,occasional,1
94,company,1
94,functionality,1
94,sharp,1
95,option,1
95,installed,1
95,windows,1
96,attached,1
96,spreadsheets,1
96,tablet pc,1
96,light,2
96,beautiful,1
96,task bar,1
96,noticeable,1
96,windows 8,1
96,wireless,1
96,windows update,1
96,gaming,1
96,touch,1
96,traditional laptop,1
96,upgrading,2
96,ships,1
96,restarts,2
96,excel,1
96,weight,1
96,battery,1
96,slower,1
96,desktop,1
96,bluetooth,1
96,update,4
96,balance,1
97,chromebook,1
98,price,1
100,warranty,1
100,hard drive,1
100,disappointed,1
100,option,1
100,toshiba,1
100,arrived,1
100,technician,1
101,price,1
101,stuff,1
102,quick,1
102,seller,1
104,price,1
104,monitor,1
104,worked perfectly,1
104,laptops,1
104,connected,1
104,screen cracked,2
104,warranty,2
104,replaced,1
104,issues,1
104,reading,1
105,stylus,1
105,charger,1
105,brand,1
105,packaging,1
105,message,1
108,graphics,1
108,complaint,1
108,windows app store,1
108,knock,1
108,surface,1
109,blurry,1
109,screen resolution,1
109,web surfing,1
110,upgrade,3
110,sd card,1
110,money,1
110,memory card,1
110,memory,3
110,price,1
110,issues,1
110,fixed,1
110,space,1
110,updated,1
111,written,1
111,return,1
111,problem,1
111,reset,1
111,expensive,1
111,performance,1
111,costs,1
111,factory settings,1
111,macbook,1
112,computing,2
112,travels,1
112,speed,1
112,price,1
112,magnets,1
112,designed,1
112,system,1
115,traveled,1
115,ahead,1
115,problem,7
115,install,1
115,operating system,2
115,programs,1
115,shipping,1
115,money,1
115,samsung,6
115,surprise,1
115,desktop,1
115,windows 8,4
115,replace,1
115,software,2
115,update,2
115,long time,1
117,works fine,1
117,angle,1
118,complaint,1
118,flips,1
119,good price,1
120,facebook,1
121,chromebook,4
121,emails,1
121,chrome remote desktop,1
121,asus chromebook flip,1
121,touch,1
121,build quality,2
122,bright,1
122,battery life,1
122,price,1
122,speakers,1
123,purchase,1
125,written,1
126,programs,1
126,powers,1
126,experience,1
126,processor,1
126,google drive,1
126,portability,1
127,market,1
127,worst computer,1
127,received,1
128,touch screen,1
129,stylus,1
130,convertible laptop,1
130,written,1
130,videos,1
130,windows 7,1
130,purchase,1
132,design,1
132,watching netflix,1
132,hours,2
132,playing music,1
132,smartphone,1
132,quiet,1
132,great deal,1
132,beautiful,1
132,things considered,1
132,friends,1
132,hard drive,2
132,hp laptops,1
132,charge,2
132,battery life,1
132,screen brightness,1
132,speedy,1
132,common issue,1
132,movie,1
132,elegant,1
132,touchscreen works,1
132,browsing,1
132,noise,1
132,delivered,1
132,lacking,1
132,sharp,1
132,prices,1
132,bright,4
132,build quality,1
132,brightness,3
133,great sound,1
133,windows 8,1
135,writing,1
135,windows rt,2
135,hours,1
135,studying,1
135,previous laptop,1
135,tablet mode,1
135,music,1
135,computer works,1
135,students,1
135,battery,1
135,specs,1
135,install,1
135,books,1
136,lower resolution,1
136,storage,1
136,hardware,1
136,small,2
136,video playback,1
136,problem,1
136,battery life,1
136,cheap,1
136,price,1
136,display,1
136,performance,2
136,received,1
136,light,1
136,track pad,1
136,knock,1
136,lemon,1
139,durable,1
141,website,1
141,returned,1
141,money back,2
141,purchase,1
141,charge,1
141,typing,1
141,warranty,1
141,replaced,2
143,manage,1
143,battery life,1
143,surface,1
143,lenovo support,1
143,sleek,1
145,skyrim,1
145,minecraft,1
145,storage,1
145,full version,1
145,updated,1
145,virus,1
145,chrome,1
145,electronics,1
145,malware,1
145,charging,1
145,tablet/laptop,1
145,windows 8,1
145,reading,1
145,windows updates,1
145,power,1
145,removed,1
145,usb 3,1
145,lacking,1
145,received,1
145,docked,1
145,default,1
146,refund,1
149,stylus,2
149,mouse,1
149,8gb ram,1
149,charging light,1
149,suitable,1
149,256gb ssd,1
149,hitting,1
149,reliable,1
149,sd card slot,1
149,feature,2
149,backlit,1
150,stopped working,1
151,weight,1
151,price,1
151,lighter,1
151,worth,1
152,shipping,1
153,starts,1
153,problem,1
153,emails,1
153,skype,1
154,chrome os,1
154,software,1
154,compatible,1
155,beautiful machine,1
157,school,1
157,perfect size,1
157,price,1
157,grandson,1
157,kindle,1
157,lightweight,1
157,smaller,1
158,gaming,1
158,good design,1
158,playing,1
158,laggy,1
158,documents,1
158,windows 10,1
162,charged,1
162,cases,1
162,charge,3
162,returned,1
162,charging,1
165,market,1
165,price,1
165,usability,1
165,performance,1
165,noise,1
165,surface,4
166,adapter,2
167,buttons,2
167,ahead,1
167,samsung chromebook,1
167,retina display,1
167,atrocious,1
167,apple,1
167,stopped,1
167,simplicity,1
167,samsung,5
167,clicks,1
167,chromebook,3
167,purchase,1
167,downgrade,1
167,applications,1
167,pro version,1
167,hitting,1
167,cramped,1
167,update,2
167,mac book pro,1
167,google drive,1
168,high quality,1
168,drawbacks,1
168,great screen,1
170,chromebooks,3
170,price,1
170,touch screen,1
171,good battery life,1
173,plenty,1
173,carry,1
174,virus,2
174,windows,1
174,returned,1
174,refurb,1
174,updating,1
174,husband,1
174,full refund,1
174,updated,1
175,school,1
175,daughter,1
176,issues,1
176,excellent,2
176,office 365,1
176,speed,1
176,small,1
176,windows 8,1
176,purchase,1
177,problem,1
177,irulu,1
177,returned,1
178,battery,2
178,return,1
178,hours,1
178,laptop works,1
178,defective,1
178,charge,1
180,price,1
180,upgraded,1
180,windows 10,1
181,responsiveness,1
182,battery,1
183,google docs,1
183,solid,1
184,operate,1
186,laptops,2
186,applications,1
186,bit slower,1
186,playing videos,1
186,long battery life,1
186,web browser,1
186,touch screen feature,1
186,purchasing,1
186,lightweight,1
186,compared,2
186,drawbacks,1
187,programs,1
187,usb port,1
187,powerful,1
187,travel laptop,1
187,versatility,1
187,great battery life,1
188,chromebook,1
188,returned,1
188,brand,1
188,start,1
188,issues,1
188,replacement,2
188,tech support,2
189,design,2
189,clean,1
189,return,1
189,wireless,4
189,enter,1
189,connect,2
189,office,1
189,google,1
189,wireless card,1
189,extremely disappointed,1
189,lenovo,3
191,price,2
191,great item,1
192,heavy,1
192,weight,1
192,backlit keyboard,1
192,touching,1
192,battery,1
192,plugging,1
192,touchpad,1
192,boots fast,1
192,full charge,1
192,great price,1
192,recharge,1
192,functions,1
193,waiting,1
193,installed,2
193,run windows,3
193,presentations,1
193,issues,3
193,connect,3
193,2gb ram,1
193,stream,2
193,mobile,1
193,powerpoint,1
193,experience,1
193,battery lasts,1
193,drivers,1
193,small,1
193,returned,1
193,usb adapter,1
193,received,1
193,business,1
193,excel,1
193,installation,1
193,micro hdmi,1
193,hp laptops,1
193,connected,1
193,quality,1
193,macbook,2
193,projector,1
193,additional storage,1
193,testing,1
194,restart,1
194,problem,1
194,traveling,1
194,student,1
194,charging light,1
194,lightweight laptop,1
194,files,1
194,charged,3
194,music,1
194,charger,2
194,hard drive,1
194,asus transformer book,1
194,tablet/laptop,1
194,programs,1
194,charge,9
194,store,1
194,update,1
194,space,1
196,start,1
197,edges,1
197,returned,1
197,hours,1
197,colors,1
197,speak,1
197,quality,1
198,upgrade,1
198,windows 10,1
199,buttons,1
199,recognize,1
199,price,1
199,pretty,5
199,received,1
199,spacebar,1
199,light,2
199,experience,1
199,returned,1
199,hp laptops,3
199,desktops,1
199,space,2
199,reviewers,1
199,press,1
199,typing,2
199,hands,1
201,waste,1
201,money,1
201,lighter,2
201,smaller,2
202,responsive,1
204,youtube,1
204,schedule,1
206,problem,1
206,reading,1
207,fixed,2
207,lenovo yoga,1
207,uncomfortable,1
207,warranty,1
208,slide,1
209,return,3
209,troubleshoot,2
209,black screen,1
209,webpage,1
209,year warranty,1
209,received,1
209,troubleshooting,1
209,update,1
209,drivers,1
209,sleep,3
210,quick delivery,1
210,quality product,1
213,works perfect,1
214,company,1
214,microsoft,2
214,fragile,2
214,surface,1
215,starts,1
215,charger,1
215,worth,1
215,extremely fast,1
215,price,1
215,responsive touchscreen,1
215,amazing computer,1
216,bright,1
216,money,1
216,sharp,1
218,laptops,1
218,sides,1
218,restart,1
218,chromebook,1
218,settings,1
218,extensions,1
218,expensive,1
218,reset,1
218,android,1
218,google drive,1
218,documents,1
218,freezes,2
219,system,1
219,excellent price,1
219,worth,1
220,flipping,1
220,heavy laptop,1
220,hard drive,1
220,battery life,1
220,premium feel,1
221,fluid,1
221,chromebook,1
221,manageable,1
221,lenovo yoga,1
221,android,1
221,apple,1
221,charging,1
221,battery life,2
221,memory,1
221,internet,1
221,facebook,1
221,multitask,1
221,build quality,1
222,touch,1
222,windows 8,1
222,lightweight,1
222,good specs,1
223,price,1
223,worth,1
224,brand,1
224,disappointed,1
224,acer chromebook,1
225,grad school,1
225,operating system,1
225,money,2
225,worth,1
225,mouse pad,1
225,extra money,1
226,refund,1
226,charge,1
227,ipads,1
228,return,3
228,replacement,5
228,office,1
228,problem,1
228,issues,1
228,keyboard works,1
228,completely dead,1
228,walmart,1
228,options,1
228,refunded,1
228,windows laptop,1
228,web surfing,1
228,prime,1
228,compact,1
228,plugged,1
228,requested,1
228,inexpensive,1
228,received,1
228,powerful,1
228,notebook,2
228,online,1
228,replace,7
228,shipped,2
228,warranty,1
228,helpful,1
228,replaced,1
228,portable,1
229,market,1
229,battery life,1
229,macbook,2
229,worth,1
229,macbook pro,1
229,extra money,1
230,microsoft surface,1
230,updated review,1
230,corners,1
230,fixed,1
230,price,2
230,refunded,1
231,locking,1
231,pointer,1
231,turns,1
231,power button,1
231,frustration,2
231,touchpad,1
231,charging,1
231,plugged,1
231,battery life,1
231,regular laptop,1
231,freezing,1
231,recognized,1
231,drive,1
231,handling,1
231,volume,2
232,returned,1
232,bluetooth,1
233,reliable,1
233,beautiful,1
233,received,1
234,speakers,1
237,company,1
237,customer service,1
240,connectors,1
240,completely silent,1
240,small issue,1
240,attached,1
240,charge,1
240,display,1
240,batteries,1
240,charging,2
240,presentations,1
240,smartphone,1
240,cable,4
240,units,1
240,connector,2
241,battery power,1
241,long battery life,1
241,optimized,1
241,waste,1
241,internet,2
241,designed,1
241,smart phone,1
241,compared,1
241,office,1
241,vacation,1
242,top notch,1
242,equipment,1
242,build quality,1
243,sensitive,1
243,cracked,1
243,covered,1
243,warranty,1
243,covers,1
243,damage,1
244,performance,1
244,movies,1
244,screen back,1
244,asus products,1
244,flipping,1
244,plugged,1
244,battery life,1
244,disk space,1
244,smaller screen,1
244,larger screen,1
245,tablets,1
246,games,1
246,bluetooth speaker,1
246,skype,1
246,tablets,1
246,lighting,1
246,portability,1
246,account,1
246,kindle app,1
246,irulu,1
246,google,2
246,lighter,1
246,netflix,1
248,performance,1
248,issues,1
249,software,2
252,install windows 10,2
252,button,1
252,connect,1
252,windows 10,3
252,external hard drive,1
252,storage space,1
252,clicked,2
252,received,1
253,write,1
253,recognize,1
253,supposed,1
253,videos,1
253,screen keyboard,1
253,tablet mode,2
253,labtop,1
253,purchase,1
254,nice display,1
254,portability,1
254,microsoft office,1
255,replace,1
255,return,1
255,option,1
256,carry,1
256,flexibility,1
256,price,1
256,touchpad,2
256,light,1
256,purchase,1
256,convertible,1
256,sleek,2
256,regular laptop,1
256,ultrabook,2
257,trackpad,1
257,edge browser,1
257,experience,2
257,windows,11
257,tablet mode,1
257,free space,1
257,click,2
257,windows 8,1
257,crisp,1
257,full screen,1
257,windows 10,4
257,full windows,2
257,reading,2
257,clean,2
257,install windows 10,2
257,button,1
257,install,5
257,charges,1
257,heavy,1
257,delete,1
257,upgrade,2
257,micro sd card,1
257,single time,1
257,finger scrolling,1
257,charge,2
257,typing,1
257,replace,1
257,viewing angles,1
257,insert,1
257,build quality,2
257,battery life,2
257,compatible,1
257,nexus 7,3
257,magnet,1
257,programs,1
257,chrome,1
257,fingerprints,1
257,video,1
257,angle,2
257,uninstalling,1
257,window,12
257,comfortable,1
257,covered,2
257,flexibility,2
257,sleep,3
257,storage space,1
257,space,3
257,price range,1
257,problem,2
257,full hd screen,2
257,performance,1
257,android,2
257,keyboard portion,1
257,share,1
257,web browsing,4
257,optimized,1
257,driver update,1
257,premium feel,1
259,external drive,1
259,harder,1
259,navigate,1
259,return,1
259,fragile,1
259,updated,1
259,typing,1
259,durable,1
259,shift,1
260,daughter,1
260,versatile,1
260,portable,1
260,package,1
261,power switch,1
261,full refund,1
261,lemon,2
261,left side,1
261,restart,1
261,prefer,2
261,blue screen,1
261,disappointed,1
261,repair,1
262,price,1
262,functions,1
263,options,1
263,price,1
264,school,1
265,specs,1
265,sound,1
265,touchscreen,1
265,good price,1
265,touchpad,1
266,small,1
267,turns,1
267,movies,1
267,full laptop,1
267,music,1
268,ssd drive,1
268,location,1
268,sounds,1
268,3 seconds,1
268,8 seconds,1
268,heavy,2
268,quiet,2
268,small size,1
268,noise,1
268,sleek,1
268,ultra,2
268,install,1
268,defect,1
268,display,2
268,price,2
268,speakers,1
268,quick,2
268,sleep mode,1
268,travel,3
268,8 gb ram,1
268,default,2
268,typical,1
268,setting,3
268,optical drive,1
268,lit keyboard,1
268,light,4
268,service tag,1
268,designed,2
268,tablet mode,2
268,lighting,1
268,connected,1
268,laptop mode,1
268,windows 10,2
268,shipping,1
268,power button,2
268,guessing,1
268,function,2
268,update,2
268,books,1
269,buttons,1
269,ultrabooks,1
269,problem,3
269,issues,1
269,quiet,1
269,background,1
269,monitor,1
269,small laptop,1
269,light,1
269,beautiful,2
269,speakers,1
269,friends,1
269,bright screen,1
269,video,1
269,visual studio,1
269,heavy,1
269,smooth,1
269,office work,1
269,touchpad,2
269,windows device,1
269,browsing,3
269,portable,1
270,elegant,1
270,heavy,1
270,pretty,1
271,watch movies,1
272,install,1
272,disappointed,1
272,office,2
272,versions,1
272,performance,1
274,performance,1
275,specs,1
275,warranty,1
275,worth,1
275,price,1
277,newer version,1
279,responsive,1
279,complaint,1
279,microsoft,1
280,write,1
280,chromebook,1
280,problem,3
280,price tag,1
280,online,1
280,chrome os,2
280,settings,1
280,wifi problems,1
282,internet,1
282,browsing,1
282,works perfectly,1
283,ms office,1
283,pocket,1
283,connection,1
284,small laptop,1
284,surface pro 3,1
284,ultra portable,1
284,lightweight,1
284,shell,1
284,price,2
284,surface 3,3
284,keyboard works,1
284,bluetooth mouse,2
284,great alternative,1
285,store,2
285,removed,1
285,updated drivers,1
285,ahead,1
285,onedrive,1
285,hours,1
285,work correctly,1
285,price,1
285,updated,2
285,handy,1
285,programs,1
285,power button,1
285,bios update,1
285,pushed,1
285,hardware,1
285,feature,1
285,microsoft,2
285,shutdown,1
285,driver issues,1
285,upgrade,3
285,issues,4
285,hard drive,1
285,upgraded,1
285,sleep mode,1
285,reset,1
285,windows 8,4
285,power settings,1
285,power,3
285,blazing fast,1
285,start button,1
285,home office,1
285,familiar,1
286,charging,1
286,problem,1
286,usb port,1
286,thumb drive,1
286,plugging,1
287,folds,1
287,touch screen,1
287,quality,1
291,window 8,1
291,input,1
291,unstable,2
291,weight,2
291,connected,1
291,light weight,1
291,physical keyboard,1
291,loading,1
291,good screen,1
291,color,1
291,convenience,1
291,stable,3
291,system,4
293,streaming videos,1
295,design,1
295,perfect machine,1
295,upgraded,1
298,small,2
298,mouse pad,1
298,touch screen works,1
298,connect,1
298,light,3
298,install,1
298,studying,1
298,integrated,1
298,tablet mode,1
298,wifi problem,4
298,flicker,4
298,click,4
298,feature,1
298,broke,2
298,picture,6
298,yoga 2 pro,1
298,windows 8,2
298,figured,1
298,watching movies,1
298,money,1
298,sleep,3
298,gaming,1
298,lenovo,2
298,pressed,1
298,resolution,1
298,wifi problems,3
298,school,1
298,fixed,2
298,button,3
298,problem,18
298,software problem,1
298,starts,1
298,wifi card,2
298,assignments,1
298,pretty hot,1
298,freeze,1
298,wifi issues,1
298,delete,1
298,issues,2
298,clicking,1
298,supposed,2
298,black,1
298,start menu,1
298,accessible,2
298,replace,1
298,sound,1
298,windows 7,2
298,phone,1
299,expensive,1
299,supported,1
299,tech support,1
299,company,1
299,damaged,1
301,play store,1
301,support,1
303,return,1
303,mouse,1
303,powered,2
303,functionality,1
303,switching,1
303,touch screen,1
303,windows,1
303,store,1
303,touch pad,1
303,system,5
304,buttons,3
304,mouse,5
304,supposed,1
304,thinkpads,1
304,touchpad,3
304,clicking,1
305,replace,1
305,weight,1
305,hours,1
305,house,1
305,hanging,1
306,advertised,1
307,market,1
307,micro,3
307,return,2
307,30 days,1
307,vendor,1
307,long battery life,1
307,returning,1
307,equipment,1
307,recharge,1
307,worst thing,1
307,wifi signal,2
307,long time,1
307,disappointed,3
307,samsung,1
307,reflect,1
307,microsoft,2
307,surface,2
307,costs,1
307,ultrabook,2
307,brand,1
307,condition,2
307,mouse,6
307,media,3
307,start,1
307,battery time,1
307,android tablet,1
307,compared,2
307,functions,1
308,operating system,1
308,stuff,1
308,app store,1
308,issues,1
308,sounds,1
308,apple,4
308,iphone,1
308,mouse,3
308,office 365,1
308,click,1
308,windows 8,4
308,expensive,1
308,menus,1
308,extremely portable,1
308,surface pro 3,2
308,excel,1
308,battery life,2
308,surface pro,7
308,scratch,1
308,connects,1
308,hate windows 8,1
308,replace,1
308,bluetooth,1
310,compatible,2
310,small,1
310,option,2
310,logged,1
310,price,3
310,powerhouse,1
310,manage,1
310,house,2
310,charged,1
310,inexpensive,4
310,click,2
310,trackpad,3
310,google,2
310,previous laptops,1
310,lugging,1
310,office suite,1
310,price range,1
310,chromebook,8
310,money,1
310,extensive research,1
310,great battery life,1
310,purchasing,1
310,suffice,1
310,streaming videos,1
310,carry,2
310,excel,1
310,quick,2
310,compact,2
310,specs,1
310,hitting,1
310,wireless mouse,2
310,plugged,2
312,price,1
312,great size,1
313,heavy,1
313,light,1
313,small,1
313,weight,1
315,touchscreen,1
315,carry,1
315,desktop,1
316,detach,1
316,bluetooth mouse,1
316,windows 8,1
317,installed,1
317,light gaming,1
317,hard drive space,1
317,cloud storage,1
317,system,2
317,tablet mode,1
317,vacation,1
317,purchase,1
318,work properly,1
318,stable,1
318,ghost touches,1
318,touch screen,1
318,google,1
318,worth,1
318,touch,3
318,microsoft,3
320,fixed,1
320,replacing,1
320,internet speed,1
321,long term,1
321,money,1
321,worth,1
322,website,1
322,issues,1
322,light weight,1
322,super fast,1
322,worth,1
322,problem,2
322,update,1
322,fixed,1
322,lenovo,1
323,reliability,1
323,gorgeous screen,1
323,frustration,1
323,black,1
323,software,1
323,microsoft,2
323,operating system,1
323,windows 10,1
323,company,1
323,purchase,2
323,hardware,2
323,freezes,1
323,surface book,1
324,reliability,1
324,gorgeous screen,1
324,frustration,1
324,black,1
324,software,1
324,microsoft,2
324,operating system,1
324,windows 10,1
324,company,1
324,purchase,2
324,hardware,2
324,freezes,1
324,surface book,1
325,runs great,1
325,2gb ram,1
326,heavy,1
326,performance,1
326,damaged,1
327,boot time,1
327,youtube,2
327,issues,1
327,budget,1
327,money,1
327,responsive,1
327,ips display,2
327,replacing,1
327,emailing,1
327,refurbished,2
327,replaced,1
327,backlighting,2
327,brightness,1
327,hardware,1
327,upgrading,1
327,problem,1
327,colors,1
327,performance,2
327,searching,1
327,excellent,2
327,purchase,1
327,limited,1
327,touchscreen,1
327,condition,2
327,hard drive,1
327,web surfing,1
327,surfing,2
327,noticeable,1
328,bright,1
328,great specs,1
328,problem,1
328,sensitive,1
328,2 years,1
328,update,1
328,control,1
328,touch,3
328,affordable price,1
329,charges fast,1
329,press,1
331,travel,1
331,touchscreen,1
331,light,1
331,transitioning,1
331,windows 8,1
331,docking station,1
332,granddaughter,1
333,watch,1
333,work properly,1
333,movie,1
334,touch screen,1
334,functionality,1
334,features,1
334,nice size,1
336,driver issues,1
336,update,1
337,market,1
337,price,1
337,speed,1
337,worth,1
337,excellent,1
337,features,1
337,performance,1
338,good battery life,1
338,small,1
338,app store,1
338,websites,1
338,chrome browser,1
338,install,1
338,settings,1
338,videos,1
338,desktop,1
338,chrome,6
338,login,2
339,mouse,1
339,monitor,1
340,touchscreen,1
340,stylish,1
340,weight,2
340,macbook pro,1
340,turns,1
341,sound,1
341,issues,1
341,crashing,1
341,lenovo website,1
341,display,1
341,sharp,1
342,sticking,1
342,issues,1
342,dell xps 13,1
342,price,1
342,zenbook,2
342,usb type,1
342,long time,1
342,email,1
342,adapter,3
342,battery life,2
342,backlit keyboard,1
342,models,1
342,touch screen,2
342,feature,1
342,tweaks,1
343,problem,1
343,return,1
343,booting,1
343,hard reset,1
344,replace,1
344,touch,1
347,browser,1
347,lightning fast,1
348,entertainment,1
349,battery,1
350,connecting,1
350,slippery,1
350,pretty fast,1
350,screen back,1
350,fragile,1
350,scratches,1
350,limited,1
351,comfortable,1
351,update,1
352,replaced,1
354,reasonable price,1
354,wonderful laptop,1
360,heavy,1
360,windows 8,1
360,performance,1
360,beautiful design,1
361,return,1
361,start,1
362,sensitive,1
362,upgraded,1
362,mouse pad,2
362,memory,1
362,windows 10,1
362,light,1
362,option,1
362,money,1
362,tablet mode,1
363,memory,2
363,works fine,1
363,windows 10 update,1
365,advertised,1
365,supposed,1
365,refurbished,1
365,packaging,1
365,waiting,1
366,stylish,1
366,lightweight,1
367,money,1
367,desktop computer,1
367,battery life,1
367,sensitivity,1
367,desktop,3
367,hate windows 8,1
367,touch screen,1
367,complaint,1
367,games,1
368,stunning,1
368,refurb,1
368,worth,1
368,4k screen,1
370,shipped,1
370,repair,1
370,quiet,1
370,problem,1
370,light,2
370,keyboard dock,2
370,typing,1
370,ordering,1
370,samsung,2
370,touching,1
370,supposed,1
370,models,1
370,solid,1
370,connected,1
370,taking notes,1
370,fingers crossed,1
370,connection,5
370,paper,1
370,larger screen,1
371,school work,1
371,returning,1
371,chromebooks,1
372,flipped,1
372,google account,1
372,night,1
372,laptop mode,1
372,functionality,1
372,problem,1
372,perfect fit,1
372,trips,1
372,backup,1
372,performing,1
372,content,1
372,pixel,3
372,processor,1
372,browsing,1
372,responsive,1
372,kindle app,2
372,surprise,1
374,desktop,1
375,problem,1
375,warranty,1
375,tablets,1
375,replaced,1
375,laptops,1
375,upgraded,1
375,windows 10,1
376,8gb ram,1
376,touch screen,1
376,256gb ssd,1
377,drawing,1
377,battery life,1
377,fragile,1
377,talking,1
379,stand,1
379,shipping box,1
379,trackpad,2
379,fixed,1
379,form factor,1
379,audible,2
379,beautiful,1
379,freezes,1
379,click,4
379,shipped,1
379,press,3
379,windows 8,3
379,support,1
379,noise,1
379,snappy,2
379,issues,4
379,tablet portion,2
379,replacement,7
379,writing,1
379,programmer,2
379,sleek,1
379,websites,1
379,upgrade,1
379,typing,2
379,silent,1
379,battery life,4
379,store,2
379,return,1
379,repair,2
379,notice,1
379,hinge,2
379,received,2
379,website,2
379,desktop,2
379,edges,1
379,small amount,1
379,laggy,1
379,uncomfortable,1
379,connected,2
379,top heavy,1
379,gaming,1
379,setup,1
379,speed,1
379,space,7
379,expensive,1
379,connecting,1
379,space bar,2
379,performance,3
379,unboxing,1
379,applied,2
379,keyboard portion,2
379,cooler,1
379,battery,8
379,disconnected,1
379,audio,3
379,disconnect,2
381,youtube,1
381,traveling,1
381,turns,1
381,skeptical,1
381,performance,2
381,great battery life,1
381,sound quality,1
381,windows,2
381,experience,1
381,pushed,1
381,music,3
381,good performance,1
381,purchase,1
381,nice tablet,1
381,light work,1
381,reasonable price,1
381,quick,1
381,smooth,1
381,quality,2
381,microsoft surface,1
381,sound,3
381,headphones,1
381,browsing,2
381,touch,1
381,reading,1
382,complaint,1
382,battery,1
383,returned,1
383,chromebooks,1
383,price,1
383,extremely portable,1
384,good build quality,1
384,great keyboard,1
384,feels sturdy,1
384,shift key,1
384,performance,1
384,compared,1
384,brands,1
384,build quality,2
385,speakers,1
385,volume,1
386,battery life,1
387,student,1
387,drain,1
387,background,1
387,youtube video,1
387,powerful,1
387,system,1
387,durable,1
387,battery,1
387,typing,1
387,super light,1
387,bloatware,1
388,windows update,1
388,drivers,1
389,school,4
389,updated drivers,1
389,chromebook,3
389,rebooted,1
389,option,1
389,school work,1
389,received,1
389,website,2
389,assistance,1
389,email,4
389,tablet mode,1
389,purchase,2
389,hardware issue,1
389,completed,1
389,working properly,1
389,reset,3
389,settings,1
389,asus support,2
389,refund,1
389,high school,1
389,update,3
389,waiting,1
391,bright,2
391,small,4
391,units,2
391,youtube,1
391,contrast,1
391,buyers,1
391,external mouse,1
391,asus flip,7
391,chrome browser,4
391,work perfectly,1
391,warranty,2
391,scroll,3
391,touch screen,2
391,troubleshooting,1
391,install,4
391,experience,3
391,speakers,4
391,returned,1
391,powering,1
391,day long,1
391,charging,1
391,charge,2
391,typing,2
391,micro sd card,1
391,return,3
391,nexus 7,1
391,recover,4
391,price,3
391,connect,1
391,light,3
391,music,2
391,features,3
391,replacing,1
391,big screen,1
391,holding,3
391,power,3
391,color,1
391,offline,3
391,hands,1
391,space,2
391,backpack,1
391,sleeping,2
391,guarantee,1
391,scrolling,1
391,spreadsheets,1
391,guessing,3
391,downgrade,1
391,wrote,1
391,browser,9
391,viruses,2
391,paying,1
391,installed,1
391,bit longer,1
391,smartphone,1
391,touchscreen,1
391,couch,2
391,interface,2
391,tablet mode,4
391,dropped,1
391,laptops,2
391,stylus,2
391,click,4
391,feature,4
391,screen brightness,1
391,internet,1
391,hardware problem,1
391,delete key,1
391,upgrading,1
391,night,3
391,chrome os,3
391,videos,4
391,searching,1
391,excellent,1
391,system,8
391,google docs,2
391,upgrade,3
391,quick,4
391,weight,2
391,boots,2
391,updates,3
391,settings,3
391,asus support,2
391,virus,4
391,reading,1
391,headphones,1
391,watch,2
391,google drive,3
391,smaller,2
391,touch screen works,1
391,low price,1
391,repairs,1
391,reader,2
391,screens,1
391,fixes,2
391,android phone,1
391,common problem,1
391,working perfectly,2
391,tapping,1
391,full hd,1
391,voice,1
391,tent mode,1
391,chromebook,10
391,problem,9
391,watch videos,1
391,locked,1
391,google play,2
391,onscreen keyboard,2
391,robust,1
391,write,1
391,storage,2
391,playing videos,1
391,crash,5
391,battery,2
391,touchpad,2
391,update,12
391,surfing,1
391,books,4
392,great design,1
392,manufacturer,1
392,portability,1
393,compact,1
393,lightweight,1
394,kindle,1
395,school,2
397,light,1
398,bright,1
398,small,1
398,writing,1
398,programming,1
398,boots,1
398,connect,2
398,powerpoint,1
398,light,2
398,content,1
398,microsoft office,1
398,amazon prime,1
398,connector,1
398,visual studio,1
398,netflix,1
400,setup,1
400,delivery,1
401,camera,1
401,exceptional,1
402,finger,1
402,web pages,1
402,touch screen,2
402,windows 8,1
402,click,3
402,designed,1
403,fast delivery,1
404,win 8,1
404,install linux,1
404,win 7,1
405,touch,1
405,light,1
405,mouse pad,1
410,excellent,1
411,clean,1
411,removed,1
411,money,1
411,performance,3
411,firefox,1
411,shell,1
411,store,1
411,inconvenient,1
411,tablet mode,1
411,options,1
411,surface,1
411,full laptop,1
411,loading,1
411,waste,1
411,antivirus,1
411,start,2
411,web browser,1
411,build quality,1
412,college student,1
413,left side,1
413,issues,1
413,customer support,1
413,touch screen,1
413,helpful,1
413,touch,2
413,reboot,1
414,bright,1
414,tablet back,1
414,unstable,1
414,mouse pad,1
414,returning,1
414,lenovo,1
414,quality,2
414,received,1
414,light,1
414,dead pixels,1
414,price,1
414,click,1
414,build quality,1
415,school,1
415,options,1
415,chrome book,1
416,laptops,1
416,surface pro,1
416,tablets,1
417,return,1
417,chrome,1
417,easy set,1
420,return,2
420,packed,1
420,returning,1
420,dollars,1
420,shipping,1
420,money back,1
420,received,1
421,college student,1
422,windows,1
422,good size,1
422,android,1
422,tablet functionality,1
423,market,1
423,surprisingly good,1
423,small keyboard,1
423,setting,1
423,chromebook,4
423,chrome os,4
423,price,1
423,asus chromebook flip,1
423,light,1
423,hands,1
423,excellent,1
423,windows,2
423,returned,1
423,macbook pro,1
423,solid,2
423,solid build,1
423,4gb version,2
423,brighter,1
423,tablet/laptop,1
423,family,1
423,touchpad,1
423,crashed,1
423,front camera,1
423,adjustment,1
423,portable,1
423,build quality,2
424,bright,2
424,ultrabooks,2
424,8gb ram,1
424,issues,1
424,dell xps 13,1
424,videos,1
424,256gb ssd,1
424,windows,1
424,money,1
424,photos,1
424,great specs,1
424,disappointing,1
424,graphics,3
424,models,1
424,screens,1
424,website,1
424,noticeable,1
424,build quality,1
425,touchscreen,1
425,battery life,1
425,chromebook,1
425,windows,1
425,chromeos,2
426,excel,1
426,hours,1
426,windows 8,1
426,program,2
426,flash drive,1
426,fully charged,1
426,powerpoint,1
427,battery life,1
427,install,1
427,android apps,1
429,return,1
429,plugged,1
429,charge,1
429,battery,1
429,refurbished,1
429,hardware,1
430,price,1
431,storage,1
431,touch screen,1
431,responsive,1
432,school,1
432,finding,1
432,return,2
432,power,2
432,heartbeat,1
432,rotation,1
432,hours,1
432,college student,1
432,windows button,1
432,crashes,1
432,writing,1
432,documents,1
432,crash,3
432,battery,1
432,crashed,1
432,drive,1
432,blue screen,1
432,build quality,1
434,carry,1
434,small,1
434,school work,1
434,display,1
434,received,1
435,metal,1
435,work perfectly,1
435,processor,1
435,chrome os,1
435,memory,2
435,android,2
435,hinge,1
435,pretty,3
435,online,1
435,touchpad,1
435,feels great,1
435,hands,1
435,windows,1
436,external drive,1
436,advertised,1
436,cheaper,1
436,external hard drive,1
436,lenovo,1
436,taking notes,1
436,skeptical,1
436,performance,1
436,touchscreen,1
436,light,3
436,brick,1
436,big problem,1
436,ultrabook,1
436,games,1
436,mouse,1
436,customer service,1
436,weight,1
436,photo editing,1
436,thinner,1
436,windows 8,2
436,optimized,1
436,shipping,1
436,light laptop,1
436,weighs,1
436,faster,1
437,removed,1
437,stop working,1
437,windows update,1
437,win 10,1
438,social media,1
439,lightweight,1
439,quick,1
439,chromebooks,1
439,backlit keyboard,1
439,great battery life,1
439,models,1
440,fast delivery,1
441,great sound,1
441,good battery life,1
441,trackpad,1
441,convertible,1
441,chrome os,1
441,syncs,1
441,charges quickly,1
441,skype,1
441,connect,1
441,microphone,1
441,lightweight,1
441,internet,1
442,carry,1
442,programs,1
442,exceptional,1
442,thinness,1
443,plenty,1
443,windows tablet,1
443,camera,1
443,samsung,1
443,tablet mode,2
443,desktop,2
443,sd card,1
443,crash,1
443,detachable keyboard,1
443,lacking,1
443,waste,1
443,repaired,1
443,customize,1
443,microsoft store,1
443,resolution,1
443,windows 10,1
443,android,5
443,familiar,2
443,plastic,2
443,excel,1
443,greatest,1
443,starting,1
443,tablet screen,1
443,android apps,1
443,depends,1
443,phone,2
444,chromebook,1
445,freezes,1
445,touch screen,1
446,school,1
446,touch screen,1
446,gaming,1
446,applications,1
446,extremely slow,1
447,hardware issue,1
447,spoke,1
448,draining,1
448,bright,2
448,press,1
448,couch,1
448,clicks,1
448,brightness,1
448,powered,2
448,basically,1
448,trackpad,1
448,tablet portion,1
448,reading,1
448,ipad air,5
448,asus website,1
448,t100 chi,4
448,long time,1
448,worth,1
448,big deal,1
448,battery life,2
448,waiting,1
448,entire time,1
448,option,2
448,micro,3
448,responsive,1
448,problem,1
448,travel,1
448,gripe,1
448,button,2
448,power,3
448,return,2
448,google,2
448,tweaks,1
448,volume,1
448,laptop mode,1
448,bloatware,1
448,purchase,1
448,battery,5
448,lightweight,1
448,background,1
448,bluetooth,1
449,business,1
449,upgrade,4
449,external hard drive,2
449,space,2
449,super portable,1
449,walknbook,2
449,majority,1
449,windows 10 upgrade,1
449,wireless mouse,1
449,storage space,1
449,problem,1
449,4 gigs,2
449,smooth,1
451,laptops,1
451,lightweight,1
452,dell inspiron,1
452,rebooting,1
452,returning,1
452,received,1
453,recognize,1
453,received,1
453,phone,1
455,huge problem,1
455,big problem,1
455,price,1
455,angle,1
458,upgrading,1
458,wifi issue,2
458,8gb ram,2
458,reconnect,1
458,talking,1
458,hardware,1
458,aluminum,1
458,monitor,1
458,brighter,1
458,laptops,1
458,network adapter,1
458,upgrade,2
458,click,2
458,battery,2
458,settings,1
458,satisfy,1
458,covers,1
458,device manager,2
458,ultrabook,1
458,brightness,1
459,chromebook,1
459,sleek,1
459,clean,1
460,cheaper,1
460,received,1
461,bright,3
461,trackpad,4
461,shutdown,2
461,sensitive,1
461,windows,2
461,bios update,1
461,figured,1
461,crisp,2
461,fair amount,1
461,restarts,1
461,speakers,1
461,low light,1
461,stretch,2
461,family,1
461,driver issue,1
461,full charge,1
461,spoke,1
461,return,1
461,solid laptop,1
461,issues,3
461,hinges,1
461,price,3
461,price range,1
461,deciding,1
461,updates,1
461,responsive,2
461,waking,1
461,middle,1
461,plugged,3
461,noticeable,1
461,recognized,2
461,power,9
461,sleep,3
461,compared,1
461,tweaks,3
461,playing games,2
461,low settings,1
461,replace,3
461,input,3
461,colors,1
461,speed,2
461,manufacturers,1
461,defective,3
461,purchase,1
461,deliver,2
461,facebook,3
461,faster,1
461,fixed,4
461,vibrant,1
461,sounds,1
461,tablet mode,1
461,replacing,1
461,large,1
461,laptops,2
461,screen brightness,1
461,older model,1
461,battery power,1
461,windows 8,1
461,notice,4
461,browsing,2
461,upgrading,1
461,stand mode,1
461,hours,12
461,friends,1
461,experience,1
461,hibernate,1
461,charge,11
461,video,6
461,eliminate,1
461,battery,18
461,performance,4
461,gaming computer,1
461,handles,1
461,option,2
461,videos,2
461,beats,1
461,dells,2
461,replacement,2
461,house,1
461,touchpad,2
461,button,2
461,bit heavy,1
461,managed,1
461,restart,2
461,anticipated,1
461,older games,1
461,power settings,1
461,upset,1
461,volume,1
461,problem,10
461,money,2
461,main computer,2
461,pretty,7
461,big deal,1
461,booted,1
461,touchscreen,5
461,starts,3
461,charger,4
461,hard drive,3
461,smooth,4
461,battery life,7
461,pretty easy,1
461,click,1
461,sound,5
461,update,9
461,handling,1
462,hardware,2
462,replacement,2
462,problem,1
462,camera,1
462,webcam,2
462,bit longer,1
463,big screen,1
463,keyboard works,1
463,windows 8,1
463,touchpad,1
463,store,2
463,speakers,1
464,stock,1
464,features,1
465,reasonable price,1
465,semester,1
465,heavy,1
466,handy,1
466,school work,1
466,lightweight,1
467,touchscreen,1
467,track pad,1
467,dvd player,1
467,hinge,1
467,touch screen,1
467,wireless mouse,1
467,travel,1
467,tablet mode,1
468,surface pro 4,1
469,light,1
469,apple,1
469,memory,1
469,android,1
471,touchscreen,1
471,programs,1
471,sd slot,1
471,sleek,1
471,installing,1
472,replaced,1
472,battery,1
473,clicks,1
473,money,1
473,quick,1
473,stylus,1
473,smaller size,1
473,battery life,1
473,camera,1
473,click,2
473,screen resolution,1
473,touch screen,1
473,worth,1
473,tablet mode,1
473,finger,1
474,scratch,1
474,good condition,1
476,money,1
476,charging,1
476,disappointed,1
476,plugged,1
476,charge,1
476,battery,3
476,waste,1
477,fixable,1
477,restarting,1
477,hours,1
477,issues,4
477,stay connected,1
477,internet,5
477,disappointed,1
477,worth,1
480,touchscreen,2
480,return,1
480,mouse,1
480,problem,1
480,webpage,1
480,issues,1
480,arrived,1
480,progress,1
480,touch screen,1
480,web pages,1
480,logged,1
480,touch pad,1
480,control,1
480,powerwash,1
480,freezes,1
481,fast shipping,1
482,drivers,1
483,blue screen,1
483,crash,1
483,updates,3
484,blue screen,1
484,crash,1
484,updates,3
486,battery life,1
487,laptop replacement,1
487,keyboard case,1
487,boyfriend,1
488,returned,1
488,function properly,1
489,plenty,1
489,speed,1
489,light,1
489,great battery life,1
489,desktop pc,1
489,disk space,1
489,memory,1
490,repaired,1
491,market,1
491,external,1
491,small,1
491,dell xps 13,1
491,i7 version,1
491,replacement,1
491,returned,1
491,share,1
491,models,1
491,battery,1
491,2 years,2
491,ultra,3
491,support,1
491,space,2
492,features,1
494,connected,1
495,android phone,1
495,backlit keyboard,1
495,chromeos,1
495,versatility,1
495,features,1
495,android,2
496,excellent,1
496,arrived,1
496,condition,1
497,charge,1
498,laptop computer,1
498,color,1
498,daughter,1
498,small,1
498,black,1
498,price,1
498,notes,1
498,update,1
498,inability,1
498,laptop/tablet,1
498,speed,1
498,backpack,1
498,purchase,1
500,return,1
500,charging,1
500,night,1
501,house,1
501,chrome,2
501,windows,2
501,updates,1
502,windows 10 home,1
502,disk space,1
503,specs,1
505,sensitive,1
505,fan noise,1
505,lightweight,1
505,silent,1
505,great price,1
505,mousepad,1
505,windows,1
505,compared,1
505,responsive,1
505,touch,1
505,surface,2
505,faster,1
506,trackpad,1
506,camera,1
506,college student,1
506,backlight,2
506,light,4
506,ports,1
506,angle,3
506,windows 8,1
506,touch screen,1
506,digitizer,2
506,typing,2
506,macbook air,1
506,design,1
506,problem,1
506,manageable,1
506,great battery life,1
506,amazing battery life,1
506,touchscreen,1
506,backlighting,1
506,charge,1
506,desktop,2
506,photoshop,1
506,viewing angles,1
507,memory,1
507,durable,1
508,small,1
508,youtube,1
508,smartphone,3
508,calendar,1
508,connects,1
508,middle,1
508,play music,1
508,google account,1
508,checking email,1
508,click,1
508,pixel,1
508,social media,1
508,listening,1
508,price,1
508,worth,1
508,experience,2
508,streaming music,1
508,carrying,1
508,streaming,2
508,quick,3
508,enter,1
508,boots,2
508,tablets,1
508,chromebook flip,2
508,asus product,1
508,exceptional,2
508,windows,8
508,money,1
508,printing,1
508,setting,1
508,option,1
508,asus chromebook flip,1
508,chrome,13
508,disappointed,1
508,designed,2
508,music,3
508,backlit,1
508,comfortable,1
508,drive,1
508,google,4
508,cloud,2
508,setup,2
508,word processing,2
508,tent mode,1
508,cramped,1
508,adapt,1
508,chromebook,10
508,quirky,1
508,great battery life,1
508,4gb model,1
508,windows pc,1
508,things considered,1
508,powerful,1
508,portability,1
508,windows laptop,3
508,wrote,1
508,battery,2
508,memory,1
508,budget,3
508,inexpensive,2
508,print,3
508,productivity,1
508,surfing,2
508,password,1
508,portable,2
510,windows 8,1
510,lightweight,1
510,compact,1
511,school,2
511,start,1
511,quick,1
511,black screen,1
512,reasonable price,1
512,versatile,1
513,touchscreen,1
513,microsoft office,1
513,clicking,1
513,mousepad,1
513,itunes,1
513,problem,1
513,responsive,1
513,pretty easy,1
513,price,1
513,internet browsing,1
514,fixed,1
514,touch screen,1
514,pretty quick,1
516,fixed,1
516,recovery,1
516,refund,3
516,stress,1
516,money back,1
516,money,3
516,blue screen,2
517,strange,1
517,small,1
517,responsive,1
517,camera,1
517,adapt,1
518,firefox,1
518,chromebooks,3
518,chrome os,1
518,bit heavier,1
518,pretty,1
518,mobile,1
518,dropbox,2
518,computing,1
518,google play,2
518,configure,1
518,files,5
518,purchase,1
518,ubuntu,3
518,rockchip,1
518,google drive,3
518,folders,1
518,onedrive,2
518,nice device,1
518,browser,1
518,weight,1
518,light browsing,1
518,samsung,1
518,long battery life,1
518,larger screen,1
519,stopped working,1
520,audio,1
520,recognizing,1
520,speaker,2
520,fantastic product,1
520,super quick,1
520,reboot,1
520,scratch,1
521,charging,1
521,detachable keyboard,1
521,hdmi port,1
521,software,2
521,connection,1
521,usb ports,1
521,books,1
522,mcafee,1
523,low price,1
524,return,3
524,warranty repair,2
524,design flaw,1
524,seller,3
524,option,1
524,repair,3
524,long time,1
524,hardware,1
524,purchase,2
524,worst purchase,1
524,return policy,2
524,support,1
524,toshiba,4
524,damage,1
525,chrome os,1
528,small laptop,1
528,laptop mode,1
528,storage,1
528,downloading,2
528,tablet mode,1
528,flips,1
528,school,2
529,money,1
529,returned,1
530,small,1
530,desktop,1
530,touch screen works,1
530,web browsing,1
530,touchpad,1
530,light,1
530,portrait mode,1
530,mobility,1
530,large screen,1
532,asus chromebook,1
533,return,2
533,issues,1
533,clean,1
533,arrived,1
533,fixed,1
533,money,1
533,disappointed,1
533,troubleshoot,1
533,plugged,2
533,charge,1
533,battery,3
533,operate,2
533,returning,1
533,amazon customer service,1
533,factory reset,1
534,homework,1
534,laptop/tablet,1
534,small,1
534,weigh,1
534,school work,1
535,light,1
538,chromebook pro,1
538,reading books,1
538,backspace,1
538,finding,1
538,display,2
538,performance,2
538,content,1
538,tablets,1
538,prefer,1
538,tablet mode,1
538,finger,2
538,web browsing,3
538,purchase,1
538,browsing,4
538,stylus,5
538,top notch,1
538,portrait mode,1
538,frustration,1
538,hitting,1
538,helpful,1
538,sides,1
538,gamer,1
538,hdmi port,1
538,shift,1
538,build quality,1
539,stylus,1
539,touch screen,1
539,delay,1
540,school,1
540,light,1
540,frozen,1
540,short time,1
540,child,1
541,plenty,1
541,sleek design,1
541,long battery life,1
541,light,1
541,login,1
541,small,1
542,chromeos,1
542,purchase,1
543,small keyboard,1
543,price,1
543,faster,1
544,waste,1
545,uncomfortable,1
545,light,1
548,color,1
549,problem,1
549,colors,1
549,price,1
549,waiting,1
549,watch movies,1
549,searching,1
549,works perfectly,1
549,responsive,1
549,notes,2
549,decent battery life,2
549,light weight,1
549,read books,1
549,irulu,1
549,color,2
549,start,1
549,setup,1
550,responsive,1
550,helpful,1
550,update,1
550,issues,1
550,reset,1
550,troubleshoot,1
550,lemon,1
551,design,1
551,restart,1
551,freezes,1
552,30 days,1
552,attach,1
553,running windows 10,1
553,bright,1
553,games,1
553,sd card,1
553,photo editing,1
553,watch,2
553,sound,1
553,great design,1
553,normal laptop,1
553,watch netflix,1
554,problem,1
554,mouse,1
554,freezing,1
555,husband,1
556,excellent price,1
556,requirement,1
557,light weight,1
558,books,2
559,daughter,2
559,return,2
559,problem,1
559,googled,1
559,30 days,1
559,christmas,1
559,experience,1
559,refunded,1
561,virus,1
561,fixed,1
562,virus,1
562,price,1
563,plenty,1
563,storage,1
563,versatility,1
563,acer r11,1
565,battery life,1
565,good keyboard,1
565,macbook air,1
565,great display,1
566,netbooks,1
566,chromebooks,4
566,demanding,1
566,ips screen,1
566,google,2
566,supporting,1
566,chromebook,8
566,problem,1
566,fanless,1
566,speakers,2
566,small screen,1
566,surface,1
566,4gb version,2
566,carry,1
566,reviewers,1
566,speak,3
567,office 365,1
567,slightly heavier,1
567,ultra,1
567,money,1
567,cloud storage,1
567,portable laptop,1
567,sleep mode,1
567,performance,1
569,store,1
569,64gb card,1
569,designed,1
569,price,1
571,functioning,1
571,returns,1
573,return,2
573,froze,1
573,good battery,1
573,solid feel,1
573,convertible feature,1
573,toshiba chromebook 2,1
574,support,1
574,chrome,2
575,problem,1
575,win 7,1
575,notebook,2
576,replacing,1
576,carry,1
576,light,1
576,windows 10,1
576,windows,2
576,antivirus,1
576,crash,1
576,chromebook,1
576,purchase,1
576,husband,1
577,anticipated,1
577,clicking,1
577,longer,1
577,watch movies,1
577,check email,1
577,light browsing,1
578,gaming,1
578,light weight,1
578,chromecast,2
578,big deal,1
578,traveling,1
578,house,1
578,4gb version,1
579,acer laptop,1
580,desktop,1
580,battery life,1
580,performance,2
581,light,1
582,returning,1
583,color,4
583,chromebook,1
583,convertible,2
584,slower,1
584,taking notes,1
584,microsd,1
585,lenovo laptop,1
585,disappointed,1
585,track pad,1
585,fixed,1
585,customer support,1
585,screen quality,1
585,light,2
585,experience,1
585,responsive,2
585,purchase,3
585,ultrabook,2
585,purchasing,1
585,extended warranty,1
585,stock,1
585,mac book,1
585,thinkpad,1
585,hinge,2
585,noise,1
585,warranty expired,1
585,lenovo,4
585,touch,2
586,faster processor,1
588,return,1
588,restarted,1
588,freezes,1
589,hard drive,2
589,restart,1
589,option,1
589,units,1
589,form factor,1
589,touch screen,1
589,windows,2
590,meeting,1
591,excellent,1
591,great price,1
592,battery,1
592,delivered,1
592,stopped,1
593,asus chromebook,1
593,google docs,1
594,detach,1
594,attach,1
594,expensive,1
594,cortana,1
594,default,1
594,email,1
594,microsoft,3
594,browser,1
594,start,1
594,slippery,1
595,detach,1
595,attach,1
595,expensive,1
595,cortana,1
595,default,1
595,email,1
595,microsoft,3
595,browser,1
595,start,1
595,slippery,1
597,responsive,1
597,quick,1
597,google,1
597,reliable,1
597,good battery life,1
597,lenovo,1
597,totally worth,1
598,light,1
598,responsive,1
598,camera,3
598,connect,1
598,received,1
598,touch screen,1
598,windows update,1
598,update,2
598,handy,1
599,refunded,1
599,company,1
599,chromebook,1
599,returned,1
599,responsive,1
599,purchase,1
599,refund,2
600,excellent price,1
600,compatible,1
600,microsoft,1
601,turns,1
602,girlfriend,1
603,heavy,1
603,price tag,1
603,wireless network,1
603,form factor,1
603,reconnecting,1
603,money,1
603,experience,1
603,keyboard dock,2
604,bigger,1
604,battery life,1
604,kickstand,1
604,external drive,1
604,powerful,1
604,light,3
604,touch screen,1
604,optical drive,1
604,tablet mode,1
604,lighter,1
606,chrome book,1
606,excellent,1
607,compatible,2
607,stylus,7
607,tolerate,1
607,office,1
607,business,1
607,wifi connection,1
607,middle,1
607,window,2
607,drawing,1
607,windows 8,1
607,productivity,1
607,expensive,1
607,waiting,1
608,windows,1
608,programming,1
608,solid feel,1
608,gaming,1
608,graphics card,1
608,faster,1
609,excel,1
609,speedy,1
609,light weight,1
610,charging,2
610,small,2
610,fixed,1
610,overheat,2
610,responsive,1
610,tablet/laptop,1
611,battery,1
611,returned,1
611,plugged,1
611,charge,1
612,hard drive,1
613,travel,2
613,traveled,1
613,light,1
613,price,1
613,amazing product,1
614,chromebook,1
615,metal,1
615,return,2
615,lugging,1
615,installed,1
615,benchmarks,1
615,suffer,1
615,refurbished,2
615,price,1
615,packaging,1
615,tablets,3
615,ac adapter,1
615,vibrant,1
615,designed,1
615,downloading,1
615,usb port,3
615,crisp,1
615,heavy laptop,1
615,flexibility,1
615,solid,1
615,troubleshooting,1
615,surface pro 4,1
615,refurb,3
615,handy,1
615,hands,1
615,sharp,1
615,compromises,1
615,booting,1
615,notice,3
615,8gb ram,1
615,display,1
615,system,2
615,charging,1
615,performance,2
615,colors,1
615,marked,1
615,surface book,1
615,operating system,1
615,testing,1
615,flash drive,1
615,share,1
615,worth,1
615,desktop,1
615,light,2
615,feels great,1
615,network,2
615,beautiful,1
615,sleek,1
615,figuring,1
615,family,1
615,vacation,1
615,lighter,1
615,smaller,1
616,metal,1
616,return,2
616,lugging,1
616,installed,1
616,benchmarks,1
616,suffer,1
616,refurbished,2
616,price,1
616,packaging,1
616,tablets,3
616,ac adapter,1
616,vibrant,1
616,designed,1
616,downloading,1
616,usb port,3
616,crisp,1
616,heavy laptop,1
616,flexibility,1
616,solid,1
616,troubleshooting,1
616,surface pro 4,1
616,refurb,3
616,handy,1
616,hands,1
616,sharp,1
616,compromises,1
616,booting,1
616,notice,3
616,8gb ram,1
616,display,1
616,system,2
616,charging,1
616,performance,2
616,colors,1
616,marked,1
616,surface book,1
616,operating system,1
616,testing,1
616,flash drive,1
616,share,1
616,worth,1
616,desktop,1
616,light,2
616,feels great,1
616,network,2
616,beautiful,1
616,sleek,1
616,figuring,1
616,family,1
616,vacation,1
616,lighter,1
616,smaller,1
619,touchscreen,1
619,light,1
619,skeptical,1
619,worth,1
621,husband,1
622,design,2
622,good feel,1
622,annoyance,1
622,turns,1
622,tablet mode,1
622,screen quality,1
622,windows,2
622,marked,1
622,light,1
622,ports,1
622,finger,1
622,software issue,1
622,keypad,3
622,reliability,2
622,mouse,1
622,touching,1
622,click,1
622,cheap,1
622,big deal,1
622,crisp,1
622,update,1
624,money,1
624,compatible,1
624,worth,1
626,fast shipping,1
627,return,1
627,experience,1
627,start,1
627,system,1
627,crashing,1
627,disappointing,1
628,problem,1
628,bigger,1
628,tablet mode,1
628,surprise,1
629,surprise,1
629,videos,1
629,extended periods,1
629,performance,1
629,returned,1
629,worst computer,1
630,lit keyboard,1
630,lightweight,1
631,wiped,1
631,dell laptop,1
631,operating system,1
631,brand,1
631,purchasing,1
631,fixed,1
631,warranty,1
631,software,1
631,support,3
631,tech support,1
631,hardware,1
632,android apps,1
632,supported,1
633,light weight,1
633,powerful,1
635,flipping,1
635,battery life,1
635,stylish,1
635,speed,1
635,magnet,2
635,screen resolution,1
635,magnets,1
635,screen brightness,1
636,photos,1
636,chromebook,2
636,backspace,1
636,update,1
636,problem,2
636,hours,1
636,chrome,4
636,unstable,1
636,purchase,1
636,delete,2
636,write,1
636,browser,1
636,click,3
636,delete button,1
636,small size,1
636,updating,1
636,wireless mouse,1
636,acer chromebook,1
636,google chrome,1
636,reading,1
637,travel,1
637,carry,1
637,airports,1
637,desktop computer,1
637,house,1
637,good size,2
638,stylus,3
638,good idea,1
638,surface,2
639,market,1
639,write,1
639,great keyboard,1
639,chromebook,5
639,processor,1
639,chromebooks,1
639,great display,1
639,issues,1
639,storage,1
639,quality,1
639,notes,1
639,samsung chromebook,1
641,issues,1
642,school,1
642,reasonable price,1
642,finding,1
642,perfect size,1
642,picture,1
643,lightweight,1
645,installed,1
645,ubuntu,1
645,heavier,1
645,issues,1
645,hinge,2
645,holding,1
645,games,2
645,prefer,1
645,windows 10,1
645,problem,3
645,quiet,1
645,solid,1
645,travel,2
645,specs,1
645,update,1
645,entertainment,1
645,hinges,1
645,disappoint,1
645,windows10,1
646,sound,1
646,reviewers,1
646,backup,1
646,bluetooth,1
647,system,1
647,powering,1
648,disappointing,1
648,warranty expired,1
649,play games,1
649,light,1
650,return,1
651,anticipated,1
651,excel,1
651,advertised,2
651,designed,1
651,powerpoint,1
652,touchscreen,1
652,components,1
652,office work,1
652,windows 10,1
652,upgrade,1
652,rotate,1
652,powerful,2
653,charger,4
653,purchase,1
655,writing,1
655,upgrading,1
655,windows 10,1
655,asus laptop,1
655,reboot,1
655,external hard drive,2
655,windows 8,1
655,itunes,3
659,daughter,2
659,daughter loves,1
659,battery life,1
659,played,1
659,connect,1
659,ms office,1
659,single charge,1
659,homework,1
659,media,1
659,power,1
659,productivity,1
659,projects,1
659,functionality,1
659,regular laptop,1
660,sound,1
660,monitor,1
661,lenovo,1
661,price,1
661,company,1
661,pretty fast,1
662,run android apps,1
662,chromebook,1
662,netflix,1
663,return,2
663,performance,1
664,school,1
664,youtube,1
664,smartphone,1
664,notes,1
664,middle,1
664,docking,1
664,windows pc,1
664,battery lasts,1
664,chromebook,2
664,mouse,1
664,plugged,1
664,click,3
664,battery,2
664,smooth,1
664,hours,2
664,watched,1
664,keyboard feels great,1
664,tapping,2
664,internet speed,1
665,beautiful,1
667,write,1
668,headphones,1
668,speakers,1
669,upgrading,1
669,fluid,1
669,chromebook,3
669,display,1
669,nice feel,1
669,samsung pro,1
669,bright,1
669,beautiful,1
669,snappy,1
669,16 gb,1
669,options,1
669,durable,1
669,storage,1
669,backlit keyboard,1
669,smooth,2
669,fits perfectly,1
669,typing,1
669,android apps,2
669,update,1
669,start,1
669,functionality,1
669,disappointed,1
670,bloatware,1
670,win 10,1
671,students,1
672,compact,1
672,travel laptop,1
672,desktop computer,1
672,battery life,1
672,chromebook flip,1
672,travel,3
672,aluminum case,1
672,chromebook,2
672,run android apps,1
672,larger screen,1
672,smaller,1
673,beautiful,1
673,removed,1
673,comfortable,1
673,attach,1
673,supposed,1
673,detach,1
673,win 8,1
674,hanging,1
674,button,1
674,space,1
674,sound,2
674,speakers,1
674,location,1
674,reflect,2
675,information,1
675,perfect size,1
677,compact,1
677,price,2
678,backlit,1
679,travel,1
679,battery life,1
679,small,1
682,small,1
683,memory,1
683,notebook,1
684,money,1
685,returned,1
685,power button,2
685,30 days,1
685,problem,1
685,christmas,1
685,stopped working,1
685,received,2
687,folding,1
687,surface,1
687,faster,1
688,number pad,1
688,web surfing,1
688,weight,1
688,speed,1
688,screen resolution,1
688,email,1
688,touch pad,1
689,nice machine,1
689,upgrade,1
689,windows 10,1
690,chromebook,1
690,quick,2
690,university,1
690,streaming videos,1
690,light,1
690,tabs open,1
690,disappointed,1
690,limited,1
690,purchase,1
691,arrived,1
691,price,2
692,tablet mode,1
692,purchase,1
692,disappointed,1
692,backlit keyboard,1
693,biggest complaint,1
693,full refund,1
693,money,1
693,crashing,1
693,majority,1
693,received,1
693,power button,1
693,returned,1
693,brand,1
695,amazing machine,1
696,designed,1
697,short time,1
697,versatile,1
698,sensitive,1
698,webpage,1
698,refurbished,1
698,slowly,1
698,chrome book,2
698,touchpad,1
699,replace,1
699,windows 8,1
700,versatile,1
700,great size,1
702,delete,1
702,complaint,1
703,play store,6
703,operating system,1
703,installed,3
703,chrome browser,1
703,trackpad,2
703,printing,2
703,excellent,1
703,calendar,1
703,attach,3
703,screen keyboard,1
703,chrome remote desktop,1
703,powered,1
703,attached,2
703,touch screen,1
703,browsing,1
703,cable,1
703,pressed,1
703,google docs,2
703,internet explorer,1
703,removed,1
703,supporting,2
703,issues,2
703,ethernet port,1
703,install,6
703,bluetooth mouse,1
703,speakers,1
703,inability,1
703,email,2
703,micro sd card,1
703,weight,1
703,portrait mode,2
703,settings,1
703,enter,2
703,online,5
703,bluetooth,2
703,start,1
703,windows,16
703,plugged,1
703,windows computer,3
703,compatible,2
703,setting,2
703,chromebooks,8
703,onedrive,1
703,protected,1
703,remote desktop,2
703,install programs,1
703,watch movies,1
703,micro,5
703,play games,1
703,samsung,5
703,storage,2
703,documents,6
703,problem,1
703,windows laptop,1
703,printer,3
703,web page,3
703,external monitor,2
703,onenote,1
703,chrome os,3
703,cloud,4
703,connecting,2
703,storage space,1
703,windows machine,6
703,network,6
703,message,1
703,laptop mode,1
703,chromebook,22
703,written,1
703,rotation,1
703,speed,1
703,keyboards,1
703,secure,3
703,powerpoint,1
703,remote,5
703,sd card,2
703,feature,1
703,clients,1
703,gmail,2
703,excel,3
703,google drive,1
703,function,4
703,share,2
703,stress,1
703,password,2
703,usb 3,1
706,space,2
706,purchase,2
706,touch screen works,1
706,brand,1
706,limited,1
707,ordering,1
707,night,2
707,returning,1
707,price,1
707,repair,1
707,charged,1
707,defective,2
707,features,1
707,extended warranty,1
708,performance,1
708,weight,1
708,surprises,1
708,battery life,1
708,travel,1
708,specs,1
708,windows 10,2
708,experience,1
708,reading,1
709,laptops,1
709,school,2
709,chromebook,1
709,functionality,1
709,long time,1
709,classroom,1
709,4gb version,1
710,hardware,1
711,clean install,1
711,customer service,1
711,irulu,1
711,online,1
711,website,1
711,returned,1
711,drivers,3
711,brand,1
712,writing,1
712,returning,1
712,keyboard dock,1
712,returned,1
712,screen back,1
712,heavy,1
712,weight,1
712,surface pro,2
712,typing,1
712,charging,1
712,track,1
712,components,1
713,small,1
714,delivered,1
714,surface pro,1
715,return,2
715,lenovo,4
715,service center,4
715,calls,1
715,i7 processor,1
715,motherboard,1
715,hands,1
715,defect,1
715,display,1
715,returned,1
715,options,1
715,received,1
715,factory,1
715,deliver,1
715,replace,3
715,complaint,1
715,helpful,1
715,speak,1
716,restart,1
716,issues,1
716,talking,1
716,attach,1
716,tablet mode,1
716,surface book,1
716,drawing,1
716,support,1
716,replaced,1
717,restart,1
717,issues,1
717,talking,1
717,attach,1
717,tablet mode,1
717,surface book,1
717,drawing,1
717,support,1
717,replaced,1
719,poor quality,1
720,daughter,1
720,applications,2
720,touchscreen,1
720,upgraded,1
720,shopping,1
720,windows 10,1
720,irulu,1
720,warranty,1
720,minecraft,1
720,responsive,1
721,surface pro 2,1
721,camera,2
721,windows 8,1
721,windows 10,2
721,updated,1
721,sharp,1
722,3 seconds,1
722,reading books,1
722,attached,1
722,button,4
722,videos,3
722,smartphone,1
722,reduce,1
722,notes,1
722,sound quality,1
722,tablets,1
722,excellent,2
722,4gb memory,1
722,files,1
722,fully charged,1
722,longer,2
722,received,1
722,processor,1
722,high quality,1
722,great alternative,1
722,replace,1
722,black screen,1
722,charge,6
722,battery,3
722,screen brightness,1
722,freezes,1
722,disconnect,3
722,holding,1
722,sleep,1
722,power button,3
723,convertible laptop,1
723,stylus,1
723,reliability,1
723,lenovo,1
723,equipment,1
724,windows,1
724,faster,1
724,chromebook,1
725,software issues,1
725,work properly,1
725,restart,4
725,problem,2
725,detach,1
725,issues,5
725,return,1
725,photographer,1
725,reconnect,1
725,mouse,1
725,sleep mode,1
725,black,1
725,touch screen,1
725,discount,2
726,software issues,1
726,work properly,1
726,restart,4
726,problem,2
726,detach,1
726,issues,5
726,return,1
726,photographer,1
726,reconnect,1
726,mouse,1
726,sleep mode,1
726,black,1
726,touch screen,1
726,discount,2
728,purchase,1
728,worth,1
729,chrome os,1
729,battery life,1
730,upgraded,1
731,setup,1
731,charged,1
733,2 usb ports,1
733,comfortable,1
733,ethernet,1
733,light,1
733,works fine,1
734,heavy,1
734,bright,1
734,lap top,1
734,3 usb ports,2
734,big screen,1
734,kindle,1
734,windows 8,1
734,wireless mouse,1
734,plugs,2
734,handy,1
734,large screen,1
734,good battery,1
734,external hard drive,1
736,great price,1
737,charging,3
737,nice display,1
737,nice keyboard,1
737,replacement,1
737,return,2
737,defective,3
737,spoke,1
738,incredibly slow,1
738,phone,2
738,browsing,1
739,laptop mode,1
739,stuff,2
739,problem,1
739,repair,1
739,price,1
739,storage,1
739,form factor,1
739,battery,3
739,minimal,1
739,limited,2
739,dropped,1
739,covered,2
739,tablet screen,2
739,warranty,2
739,software,1
739,battery life,2
739,start,1
739,update,1
739,warranty expired,1
739,replaced,1
739,return,1
741,heavy,1
741,slower,1
741,crisp,1
741,light,1
741,word processing,1
741,long time,1
741,browsing,1
741,cloud,2
743,macbook,1
744,hands,1
744,writing,1
745,buttons,1
745,cheap plastic,1
745,touch pad,1
745,boots,1
745,great screen,1
746,fantastic product,1
746,recently bought,1
746,great feature,1
746,notebook,1
748,cheap,1
748,charging,1
748,tablets,1
748,plastic,2
749,drawing,1
749,software,1
749,worth,1
749,price,2
750,received,1
751,youtube,1
751,great sound,1
751,powerful,1
752,youtube,1
752,great sound,1
752,powerful,1
753,form factor,1
753,touch screen,2
753,disappointed,1
753,version,1
753,returned,1
753,touch,3
753,handling,1
754,lenovo,3
754,notes,1
754,bigger screen,1
754,light,3
754,windows,1
754,light weight,1
754,portable,1
754,longer,1
754,purchase,3
754,folded,2
754,tablets,2
754,folds,1
754,detachable,2
754,space,1
754,expensive,1
755,multitasking,1
755,quality,1
756,minecraft,1
757,processing power,1
758,touchscreen,1
758,games,2
758,chromebook,2
758,email,1
758,tablet mode,2
758,disappointed,1
760,mails,1
760,chromebook,2
760,lightweight,1
761,market,1
761,plenty,1
761,small,3
761,touch screen works,1
761,fn key,1
761,power settings,1
761,recognize,1
761,clicks,1
761,middle,1
761,comfortable,3
761,click,4
761,helix,1
761,multi,1
761,holding,1
761,macbook,1
761,thinkpad,1
761,snappy,1
761,fast processor,1
761,uncomfortable,2
761,program,2
761,excellent,1
761,convertible,1
761,configure,1
761,touch pad,1
761,coffee shop,1
761,clicking,1
761,nice feature,1
761,battery life,3
761,processing power,1
762,heavy,1
762,work properly,1
762,tablet mode,1
762,good performance,1
762,manageable,1
763,delete,1
763,cheap,1
763,freeze,1
763,great price,1
763,touch screen,1
763,nice machine,1
763,purchase,1
764,detach,1
764,writing,1
764,attach,1
764,paper,2
764,books,1
766,full refund,1
766,returning,1
766,refurbished,1
766,amazon warehouse,1
767,return,1
767,serial number,1
767,refurbished,2
768,return,1
768,serial number,1
768,refurbished,2
769,money,1
769,fastest,1
770,warranty,1
770,tech support,2
771,hard drive,1
771,install,1
771,hitting,1
771,software,1
771,restarted,1
771,windows,1
771,drive,2
771,hardware,3
772,replacement,1
772,refund,1
775,school,1
775,shipped,1
775,familiar,1
775,system,1
775,chromebook,1
775,perfect fit,1
775,great deal,1
775,christmas gift,1
776,christmas,1
776,broke,1
777,upgrade,1
777,hp laptops,1
777,issues,2
777,light weight,1
777,win 10,1
777,factory reset,1
777,purchase,1
778,laptops,1
778,problem,2
778,cover,1
778,monitor,2
780,win 8,1
780,lenovo,3
780,hinge,1
780,website,1
780,light,1
780,ships,1
780,experience,1
780,worth,1
780,youtube,1
780,wireless card,2
780,windows 8,3
780,updating,1
780,dell xps,1
780,update,4
780,start menu,1
780,video,1
781,dell laptop,1
781,trackpad,4
781,bloatware,1
781,lenovo,2
781,dell active stylus,1
781,price,1
781,aluminum case,1
781,reviewers,1
781,works fine,1
781,dells,1
781,videos,1
781,aluminum,3
781,thinness,1
781,stylus,4
781,starts,1
781,carrying,1
781,mouse,1
781,processor,1
781,weight,3
781,watched,1
781,effectively,1
781,disappointing,1
781,lightweight,1
781,light,2
781,specs,1
781,folds,1
781,touch screen,2
781,sleep,1
781,update,1
781,compared,1
781,active stylus,2
782,paper,1
783,ghost touches,1
783,returning,1
783,issues,2
783,previous version,1
783,start,1
783,web browser,1
783,windows,3
783,version,2
783,freezes,1
783,webcam,1
784,chromebook,1
784,money,1
784,web surfing,1
785,writing,1
785,driver,1
785,pretty,1
785,speeds,1
785,tablets,1
785,house,1
785,brands,1
785,lenovo,4
786,school,2
786,small,1
786,charge,1
786,replace,1
786,power,1
786,gaming,1
786,laptop/tablet,1
786,ipad pro,1
786,benchmarks,1
786,ipad air,1
787,upgrade,1
787,windows 10,1
789,price,1
789,college student,1
789,works perfectly,1
790,macbook,1
790,switching,1
790,pixel,1
793,4gb ram,1
793,touchscreen,1
793,i3 processor,1
793,install,2
793,problem,1
793,handy,1
793,windows 10,1
793,worth,1
795,games,1
795,detachable keyboard,1
795,charger,1
795,super fast,1
795,battery life,1
795,feel cheap,1
795,skype,1
795,tablet pc,2
795,amazon prime,1
795,usb cable,1
795,movies,1
795,graphics,1
795,store,1
795,build quality,1
795,netflix,1
795,package,1
796,internet,1
796,connect,1
797,microsoft surface,1
797,mobility,1
797,productivity,1
798,school,1
798,microsoft office,1
798,college,1
800,specs,1
800,core i5,1
800,backlit keyboard,1
800,trackpad,1
800,turns,1
802,zenbook,1
802,speed,1
802,great features,1
802,advertised,1
802,lit keyboard,1
802,word processing,1
802,email,1
803,problem,1
803,clean,1
803,scratch,1
803,brand,1
804,solid product,1
805,warranty,1
805,internet,1
805,fixes,1
805,black,1
805,tendency,1
809,travel,1
809,battery life,1
809,lightweight,1
809,charges,1
810,update,3
810,problem,1
810,purchase,1
810,beautiful laptop,1
811,battery lasts,1
811,power,1
811,hybrid,1
811,touch,1
813,chromebook,2
813,disconnect,1
813,problem,1
813,hours,1
813,factory reset,1
814,meeting,1
814,restarted,1
814,powerful,1
814,speed,1
816,chromebook,1
817,power,1
818,perfect size,1
818,great alternative,1
818,lightweight,1
822,touch screen,1
822,chromebook,1
822,touch,2
824,plenty,1
824,ubuntu,1
824,touchscreen laptop,1
824,complaint,1
824,usb drive,1
824,cloud,1
824,lightweight,1
824,compared,1
824,tablet mode,1
824,files,1
825,heavy,2
825,carry,1
825,excellent screen,1
825,keyboards,1
825,switching,1
825,drawbacks,1
825,light,1
825,connectivity,1
825,power supply,1
825,powerful,1
825,battery time,1
825,portable,1
826,power cable,1
826,beautiful,1
826,ports,1
826,stand,2
826,regular laptop,1
826,surprise,1
826,charging,2
826,charging cable,1
826,phone,1
826,kickstand,1
826,confirmed,1
826,adapters,1
826,docking station,1
826,sleek,1
826,features,1
826,network,1
827,chromebook,1
828,phone,1
828,android tablet,1
828,problem,1
828,playing,1
828,christmas,1
829,nice tablet,1
830,stops,1
830,older,2
830,hinges,2
830,chromebook,1
830,connected,1
830,flicker,2
831,return,1
831,stopped working,1
831,wifi issue,1
831,issues,1
831,working perfectly,1
831,drivers,2
831,answer,1
831,huge problem,1
831,usb drive,1
831,update,1
831,notch,1
831,wifi adapter,1
832,restarting,1
832,issues,1
832,disconnects,1
832,tablet mode,1
832,flat surface,1
834,equipment,1
835,small,2
835,touch screen works,1
835,price,1
835,bluetooth mouse,1
835,shift key,2
835,minus,1
835,tablet mode,1
835,carry,2
835,power cord,1
835,arrow key,1
835,presentations,1
835,arrow,2
835,handy,1
835,smaller,1
836,lemon,1
836,wireless card,1
836,dell support,2
836,returning,1
836,windows 10,1
836,windows 8,1
836,answer,1
836,restarted,1
836,reinstalled,1
836,support,4
836,location,1
836,start,2
836,connections,2
837,recovery,1
837,stopped working,1
837,laptop works,1
837,function,1
838,print,5
838,chromebooks,1
838,printers,3
839,customer service,2
839,upgrade,1
839,bright,1
839,replacement,1
839,clear screen,1
839,camera,1
839,price,2
839,smart phone,1
839,customer support,2
839,irulu,4
839,company,1
839,samsung,1
839,apple,1
839,iphone,1
839,sd card,1
840,surface pen,1
840,charger,1
840,microsoft,1
840,worth,1
840,windows 10,1
840,reconnect,1
840,wifi adapter,1
840,surface,4
841,heavy,1
841,hard drive,1
841,weight,1
841,reliable,1
841,gaming,1
842,listening,1
842,hardware issue,1
842,logged,1
842,updates,1
842,windows,3
842,reinstalled,1
842,press,1
842,durable,1
842,works flawlessly,1
842,restart,2
842,hate windows 8,1
842,facebook,1
842,bluetooth,2
842,update,2
842,spotify,1
842,incredibly fast,1
842,wifi problems,1
843,sensitive,1
843,window,2
843,click,2
843,trackpad,1
843,playing,1
843,touch,1
843,features,1
844,excel,1
844,micro sd card,1
844,lap top,2
844,price,1
844,internet,1
844,shipped,1
844,timely manner,1
844,detachable screen,1
844,handy,2
844,limited,1
844,programs,1
845,speed,1
845,price,1
845,weight,1
845,performance,1
846,money,1
846,great build quality,1
846,great battery life,1
847,versatility,1
847,512gb ssd,1
847,perfect size,1
847,resolution,1
847,travel,1
848,versatility,1
848,512gb ssd,1
848,perfect size,1
848,resolution,1
848,travel,1
849,good battery life,1
850,heavy,1
850,clear screen,1
850,speed,1
850,surface,1
851,touch screen,1
851,browsing,1
851,decent keyboard,1
851,email,1
851,track pad,1
851,responsive,1
851,reading,1
851,notebook,1
851,external mouse,1
852,connected,1
852,small,1
852,outlook,1
852,tablet mode,1
852,onenote,1
852,meetings,1
852,taking notes,1
853,touchscreen,1
853,freezes,1
853,fixing,1
857,received,1
857,recharge,1
857,screen freezes,1
858,market,1
858,buttons,1
858,mouse pad,1
858,update,1
858,price,1
858,charging,1
858,backlight,1
858,equipment,1
858,responsive,1
858,usb adapter,1
858,keyboard feels good,1
858,replace,1
858,software,1
858,google,1
858,compared,1
858,usb ports,1
859,replaces,1
859,boot time,1
859,advertised,1
859,drain,1
859,solid state drive,1
859,performance,1
859,light,1
859,windows,1
859,purchase,3
859,powered,1
859,glass,1
859,desktop,1
859,power,3
859,version,3
859,damage,1
860,compatible,1
860,return,1
860,share,1
860,google docs,2
860,documents,1
860,microsoft,1
861,internet,2
861,mouse,1
861,restart,1
861,problem,1
861,disconnected,1
862,touchpad,1
862,windows rt,1
862,option,2
862,physical keyboard,1
862,light,3
862,durable,1
862,android,1
862,touchscreen,1
862,cheaper,1
862,battery life,1
862,solid,1
862,silent,1
862,pen input,1
863,works fine,1
864,programs,1
864,taking notes,1
864,gaming,1
865,battery,1
866,battery,1
867,touchscreen,1
867,return,1
867,portrait,1
867,chromebook,1
867,crash,1
867,instances,1
867,acer r11,1
867,received,1
867,android apps,2
867,update,1
867,factory reset,1
868,stops working,1
868,big deal,1
868,touch screen,1
868,replacement,1
868,mouse,1
868,stops,2
869,small,1
869,incredibly fast,1
869,light,1
869,issues,1
870,keypad,1
870,netflix,1
870,clean,1
870,super lightweight,1
870,youtube,1
870,input,1
870,audio,1
870,crisp,1
870,price,1
870,graphics,1
870,suffice,1
870,reboot,1
870,speakers,1
870,primary computer,1
871,scrolling,1
871,work properly,1
872,updating,1
872,monitor,1
872,driver,1
872,media,1
872,recovered,1
872,sound,1
872,bios update,1
873,carry,1
873,advertised,1
873,screen protector,1
873,protected,1
873,received,1
873,complaint,1
873,usb port,1
873,longer,1
874,hours,1
874,price,1
874,light,3
874,full hd,1
874,issues,1
874,noticeable,1
875,responsive touchscreen,1
876,battery life,2
876,major issue,1
876,suffer,2
876,issues,2
876,performance,2
876,quality product,1
876,speakers,1
876,big problem,1
876,runs smooth,1
876,touch pad,1
876,lighting,1
876,features,2
876,good keyboard,1
876,battery,3
876,quality,3
876,drive,2
876,sleep,1
876,reliable,1
876,small,1
876,pretty decent,1
877,manageable,1
877,sensitive,1
878,backlight,2
878,trackpad,2
878,bit difficult,1
878,display,1
878,magnets,1
878,heavy,1
878,volume buttons,1
878,viewing,1
878,battery life,1
878,travel,1
878,locate,1
878,power,1
878,detachable,2
879,write,1
879,mouse,2
879,small,1
879,writing,1
879,quick,1
879,customer service,1
879,charger,1
879,charge,3
879,big deal,1
879,mousepad,1
879,complaint,1
879,lightweight,1
879,great deal,1
879,keyboard stopped working,1
880,option,1
880,return,1
881,support,1
882,reinstall,1
882,issues,1
882,light,1
883,battery,2
883,replace,1
883,seller,1
884,speed,1
884,screen resolution,1
885,disappointed,1
886,daughter,1
886,chromebook,3
886,helpful,1
886,shipping label,1
886,return,1
886,studying,1
886,amazon customer service,1
886,experience,1
887,solid,1
888,laptops,1
888,figured,1
888,money,1
888,long time,1
888,battery life,1
888,worth,1
889,laptops,1
889,problem,1
890,software issues,1
890,operating system,1
890,windows 8,2
890,manufacturer,1
890,virus,2
890,replacing,1
890,working properly,1
890,microsoft,1
890,hardware issue,1
890,applications,1
890,problem,2
890,brand,2
890,touch,1
892,printers,1
892,lightweight,1
892,purchase,1
893,minecraft,1
893,super light,1
893,money,1
893,crashing,1
893,portable,1
895,removed,1
895,hardware,1
895,linux,1
895,vista,1
896,weight,1
896,traveling,1
896,solid,1
898,problem,2
898,light,1
898,dell xps,2
898,money,1
898,worth,1
898,bloatware,1
898,budget,1
898,macbook pro,2
898,windows,1
898,reset,3
898,button,1
899,versatility,1
900,usb keyboard,1
901,daughter,1
901,artist,1
902,day long,1
902,tech support,1
902,touching,2
902,frustration,1
902,software issue,1
902,connect,2
902,support,2
902,hardware problem,1
902,christmas,1
902,house,2
902,hardware,2
903,chromebook,6
903,screen size,1
903,lightweight,2
903,replace,1
903,ports,3
903,acer r13,1
903,waiting,1
904,repaired,1
904,installed,1
904,attached,2
904,speed,1
904,versatility,1
904,touch typist,1
904,received,1
904,movies,2
904,music,2
904,purchase,1
904,files,1
904,cursor,1
904,typing,1
904,walknbook,1
904,watched,1
904,waiting,1
904,watch,2
904,headphones,1
904,lighter,1
904,smaller,1
905,restart,1
905,previous model,1
905,repaired,1
905,freeze,1
905,disappointed,1
905,mouse,1
905,received,2
906,problem,1
906,charger,1
906,charge,2
907,disappointed,2
907,corners,1
907,sticking,1
907,performance,2
907,screens,1
907,shocked,1
907,edges,1
907,samsung,2
907,speakers,1
907,reboot,1
907,pen input,1
907,charge,2
907,smooth,2
907,cheap,1
907,durable,1
907,windows 8 pro,1
907,sleek,1
907,touch,2
907,connection issues,1
908,small,1
910,crashed,1
910,issues,1
911,crashed,1
911,issues,1
912,price,1
912,speed,1
912,features,1
913,upgraded,1
913,comfortable,2
913,mouse pad,1
913,smooth,2
913,light weight,2
913,windows 8,1
913,windows 10,3
913,price,1
913,smoother,1
917,blown,1
917,chromebook,4
917,colors,1
917,resolution,2
917,display,2
917,screens,2
917,ips display,1
917,check email,1
917,photos,1
917,macbook air,3
917,toshiba chromebook 2,2
917,upload,1
917,viewing angles,1
917,1080p screen,1
917,version,1
917,build quality,1
918,notebook,1
919,return,2
919,small,2
919,bit heavier,1
919,purchasing,2
919,returned,1
919,speaker,1
919,purchase,5
919,originally purchased,1
919,carry,1
919,froze,1
919,restore,1
919,freeze,1
919,wireless,2
919,replace,1
919,wireless mouse,1
919,features,1
919,company,1
919,connect,2
919,bluetooth,1
920,disappointing,1
921,freezing,1
921,flicker,1
921,lemon,1
921,damaged,1
922,program,1
922,windows apps,1
922,comfortable,1
922,problem,1
922,battery life,1
922,business,1
922,cameras,2
922,worth,1
922,battery,2
922,detach,1
922,nice keyboard,1
922,processor,1
922,adapters,1
923,platform,1
923,desire,1
923,chromebook,2
923,samsung,1
923,chrome os,1
923,exceptional,1
925,heavy,1
925,windows 8,1
925,display,1
926,windows 10,1
926,email,1
926,video,1
926,surfing,1
929,sleeping,1
929,background,1
929,movies,1
929,works fine,1
929,windows machine,1
929,charging,1
929,purchasing,1
929,issues,1
929,charge,4
929,connected,1
929,battery life,2
929,charges,1
929,performance,1
930,mouse,1
930,attached,1
930,attach,2
931,mouse,1
931,good feel,1
931,documents,1
931,compact,1
931,runs smoothly,1
931,watch movies,1
931,light,1
931,watching movies,1
931,windows,1
931,couch,1
931,surfing,1
931,usb ports,1
933,upgrade,1
933,usb 3,2
933,bloatware,1
933,upgrading,1
933,ips display,1
933,sharp,1
934,adapt,1
934,resolution,1
934,sleeve,3
934,protection,1
934,prefer,1
934,transport,1
934,battery life isn,1
934,processor,1
934,smaller size,1
934,screen brightness,1
934,ethernet,1
934,support,1
934,complaint,1
934,super thin,1
934,stress,1
934,build quality,1
935,delivered,1
935,daughter,1
935,birthday,1
935,charger,2
936,surface pro,1
938,good feel,1
938,beautiful,1
938,system,1
938,windows,2
938,responsive,1
938,printer,2
938,mouse,2
938,click,3
938,installing,2
938,issues,1
938,great size,1
938,hours,2
938,display,1
938,excellent,1
938,wireless keyboard,2
938,booted,1
938,purchase,1
938,photo editing,2
938,smooth,1
938,video,2
938,images,1
938,completed,1
938,sound,1
938,update,2
938,bloatware,1
939,cases,1
939,press,1
939,camera,1
939,sound quality,1
939,background,1
939,money,1
939,sounds,1
939,touch pad,1
939,slowly,1
939,swipe,1
939,unreliable,2
939,windows 8,1
939,button,1
939,waste,1
939,functions,1
939,phone,1
941,helpful,1
941,intel core i7,1
941,option,1
941,great screen,1
941,configure,1
941,windows 10,1
941,upgrade,1
941,battery life,1
941,sound,1
941,touch screen,1
941,gaming,2
941,profile,1
941,tweaks,1
941,information,1
942,plays,1
942,picture,1
942,movies,1
942,excellent,1
943,light,1
943,transition,1
943,touchscreen feature,1
943,traveling,1
943,good battery life,1
944,light,1
944,purchase,2
944,compact,1
944,snappy,1
944,sleek,1
945,small,2
945,trips,1
945,bluetooth speaker,1
945,speakers,1
945,house,1
945,bluetooth,2
945,watch netflix,1
945,check email,1
947,update,1
947,price,1
947,speaker,1
947,start,1
947,surprise,1
947,performance,1
948,compliments,1
948,touchscreen works great,1
948,money,1
948,great deal,1
949,quality control,1
949,charger,1
949,christmas present,1
949,defective product,1
949,connected,1
949,holding,1
949,light,2
949,power button,1
949,money,1
949,christmas,2
949,middle,1
950,convenience,1
950,chromebook,1
950,light gaming,1
950,speed,1
950,navigate,1
950,videos,1
950,lightweight,1
950,updates,1
950,user friendly,1
950,google play,1
950,travel,1
950,watch movies,1
951,factory settings,1
951,froze,1
951,booting,2
952,chromebook,1
952,pretty,1
952,portable,1
952,light,1
953,display,1
953,money,2
953,excellent keyboard,1
953,video,1
953,touch,1
953,good machine,1
954,tablet mode,1
954,internet browsing,1
954,runs fast,1
956,problem,1
957,shipping box,1
957,problem,1
957,stopped,1
957,edges,1
957,corners,1
957,plugged,2
957,charge,1
957,slower,1
957,power cord,1
957,press,1
957,overheating,1
957,disappointing,1
957,damaged,1
957,power,2
957,start,1
957,package,3
959,carry,1
959,perfect size,1
959,problem,1
959,price,1
959,connect,1
959,light,1
959,worth,1
959,house,1
961,money,2
961,screen resolution,1
961,battery lasts,1
961,usb port,1
961,typing,1
961,durability,1
961,played,1
961,playing,1
961,press,2
961,cable,2
961,pressed,1
961,problem,1
961,8gb ram,1
961,speed,1
961,upgrade,1
961,i5 processor,1
961,track pad,2
961,worth,1
961,asus laptop,1
961,finger prints,1
961,purchase,1
961,excel,1
961,harder,1
961,students,2
961,photo editing,2
961,plugged,1
961,battery life,1
961,big deal,1
961,feels great,1
961,watched,1
961,surfing,1
961,appearance,1
961,netflix,1
961,damage,1
961,metal body,1
961,stress,1
962,touch,1
962,features,1
963,touchscreen,2
964,flipped,1
964,touch screen,1
964,lenovo,1
964,common problem,1
966,display,1
966,super fast,1
966,good battery life,1
966,large,1
967,sound quality,1
970,battery life,1
970,tablet feature,1
970,light,1
972,hours,1
972,returned,1
972,power,1
972,arrived,1
972,disappointing,1
973,hours,1
973,returned,1
973,power,1
973,arrived,1
973,disappointing,1
974,keypad,1
974,anytime,1
974,tabs open,1
974,seller,1
974,click,1
974,tablet mode,1
974,freezes,1
974,portability,1
975,setup,1
975,power,1
975,money back,1
975,stopped working,1
976,price,1
976,great item,1
977,touch screen,1
977,function,2
977,cracked,1
977,glass,1
977,protective case,1
977,dropped,1
978,great battery life,1
980,travel,1
980,touchscreen,1
980,problem,1
980,tablet mode,1
983,return,1
984,lenovo,2
984,heavier,1
984,steal,1
984,speakers,2
984,setting,1
984,email,1
984,hp envy,2
984,quick,2
984,surface pro 3,1
984,responsive,2
984,photo editing,1
984,keyboard backlight,1
984,windows 10 pro,1
984,retina display,1
984,replace,1
984,internet,1
984,sound,1
984,8 gb ram,1
984,reliable,1
984,video streaming,1
984,macbook pro,1
984,tent mode,1
985,school,1
985,light,1
985,weight,1
985,chrome browser,1
985,battery life,1
985,videos,1
985,typing,1
985,fully functional,1
985,touch screen,1
985,replaced,1
985,purchase,1
986,cheaper,1
988,problem,1
988,waste,1
988,heavy,1
988,software,1
988,windows 10,1
988,money,1
988,worth,1
988,traveling,1
989,laptop mode,1
989,stand mode,1
989,watch,2
989,price,1
989,watch movies,1
990,chrome os,1
990,microsoft,2
990,colors,1
990,connect,4
990,prime time,1
990,windows,1
990,prefer,1
990,office,1
990,options,1
990,disappointed,1
990,surprise,1
990,glossy,1
990,connected,1
990,chromeos,3
990,compared,1
990,glare,1
992,update,2
992,trackpad,2
992,hinge,2
992,performance,1
992,tablet mode,2
992,money,1
992,hardware,1
992,angle,1
992,uninstalling,1
992,plastic,1
992,purchasing,1
992,click,2
992,programs,1
992,black,1
992,support,1
992,tapping,1
992,lenovo,2
992,cracked,1
993,market,1
993,small,2
993,hinges,1
993,lenovo,4
993,price,1
993,website,1
993,experience,3
993,big hands,1
993,bit small,1
993,money,1
993,youtube videos,1
993,apple,1
993,tablet mode,1
993,long periods,1
993,backlit,1
993,laptops,2
993,quiet,1
993,glossy,1
993,speed,2
993,touch screen,1
993,trackpad,2
993,brightness,1
993,business,1
993,paired,1
993,screen size,1
993,write,1
993,durability,1
993,top notch,1
993,thinkpads,1
993,battery life,2
993,update,1
993,login screen,1
993,long time,1
994,familiar,1
994,windows 7,1
995,stylish,1
997,cheaper,1
998,advertised,1
998,brand,1
998,price,1
998,chrome book,1
999,battery,1
999,returning,1
999,stopped working,1
1000,beautiful,1
1000,macbook air,1
1000,great price,1
1000,cheapest,1
1000,lightweight,1
1001,dell customer service,2
1001,dell support,1
1001,hardware problem,1
1001,support,3
1001,helpful,1
1001,replaced,1
1001,dell customer service,2
1001,dell support,1
1001,hardware problem,1
1001,support,3
1001,helpful,1
1001,replaced,1
1002,super fast,1
1002,solid state drive,1
1003,excellent,1
1003,charger,2
1004,business,1
1004,long battery life,1
1004,desktop replacement,1
1005,school,4
1005,daughter,2
1005,replacement,3
1005,chromebook,2
1005,beautiful machine,1
1005,browser,1
1005,replacement unit,2
1005,streaming video,1
1005,connected,1
1005,family,1
1005,web browsing,2
1005,google,1
1005,update,3
1006,enter,1
1006,battery life,1
1006,previous laptops,1
1006,windows 8,2
1006,excellent,2
1006,tablet mode,1
1006,tough,1
1008,purchase,1
1008,thumb drive,1
1008,notebook,2
1009,reading books,1
1009,browsing,1
1009,shortcuts,1
1009,travel,1
1009,arrow,6
1009,email,1
1009,chromebook,1
1009,windows os,1
1010,long battery life,1
1012,speed,1
1012,tablets,1
1012,memory,1
1014,returning,1
1014,ordering,1
1014,disappointed,1
1014,update,1
1014,defective,1
1015,viruses,1
1015,talking,1
1015,unstable,1
1015,phone,3
1015,hours,3
1015,logged,1
1015,english,1
1015,issues,1
1015,nice machine,1
1015,spent hours,1
1015,email,1
1015,middle,1
1015,tech support,2
1016,viruses,1
1016,talking,1
1016,unstable,1
1016,phone,3
1016,hours,3
1016,logged,1
1016,english,1
1016,issues,1
1016,nice machine,1
1016,spent hours,1
1016,email,1
1016,middle,1
1016,tech support,2
1017,chromebook,2
1017,backlit keyboard,1
1017,desktop,2
1017,light,1
1017,small screen,1
1018,price tag,1
1018,comfortable,2
1018,charge,1
1018,battery life,1
1018,micro sd card,1
1018,big hands,1
1018,tools,1
1018,performance,1
1018,lit keyboard,1
1018,stellar,1
1018,cramped,1
1018,offline,1
1018,full size,1
1018,keyboard feels,1
1019,programs,1
1019,money,1
1019,hybrid,1
1019,worth,1
1021,full refund,1
1021,battery,1
1021,overheating,1
1021,disappointed,1
1021,shutdown,1
1021,restocking fee,2
1021,reboot,2
1023,touching,1
1023,fixed,1
1023,lenovo,2
1023,factory,1
1023,touch screen,1
1023,start,1
1024,user friendly,1
1024,touch screen,1
1024,perfect fit,1
1025,return,1
1026,packaging,1
1026,left click,1
1026,hitting,1
1026,finger scrolling,1
1026,backspace,1
1027,replacement,1
1027,upgraded,1
1027,comfortable,1
1027,windows 10,1
1027,refund,1
1027,windows,3
1027,helpful,1
1027,version,1
1027,microsoft,1
1027,surface,1
1027,purchase,1
1027,product key,1
1029,applications,1
1029,great deal,1
1029,active stylus,1
1029,disappointed,1
1029,college,1
1029,finger,1
1029,touch screens,1
1030,older model,1
1030,touch screen,1
1031,installed,1
1031,seller,1
1031,hours,1
1031,issues,1
1031,fixed,1
1031,received,1
1031,refund,1
1031,support,2
1031,option,1
1031,hard drive,1
1031,upgraded,1
1031,bigger,2
1031,covered,1
1031,error,1
1031,software,5
1031,paying,1
1031,phone,1
1032,write,1
1032,internet,1
1032,works perfectly,1
1032,charge,1
1032,google drive,1
1032,library,1
1032,battery life,1
1032,notes,1
1034,laptops,1
1034,refurbished,1
1034,stop working,1
1034,touches,3
1034,ghost touches,1
1034,networks,1
1034,received,1
1034,performing,1
1034,disconnects,1
1034,version,1
1035,listen,1
1035,location,2
1035,price,2
1035,quality,1
1036,upgrading,1
1036,click,1
1036,touching,1
1036,touch,3
1036,attached,1
1036,windows 10,1
1036,onscreen keyboard,1
1036,microsoft,1
1036,features,1
1037,laptop mode,1
1037,setting,1
1037,detach,2
1037,carry,2
1037,student,1
1037,price,2
1037,small,1
1037,money,1
1037,prefer,1
1037,responsive,1
1037,limited,1
1037,portability,1
1037,dropped,1
1037,upgraded,1
1037,battery life,3
1037,college,1
1037,opens,1
1037,32 gb,1
1037,worth,1
1037,windows 8,1
1037,lightweight,1
1037,irulu,1
1037,netbook,2
1037,cases,1
1037,compared,1
1037,weighs,1
1037,memory,2
1038,clean,1
1038,installed,1
1038,drivers,1
1038,windows 10,1
1038,updated,1
1038,received,1
1038,defective,1
1038,battery,3
1038,power,1
1038,1 year warranty,1
1038,faster,1
1038,blazing fast,1
1038,replaced,1
1038,happy camper,1
1039,win10,1
1039,battery life,1
1039,light weight,1
1039,touch screen,1
1039,hours,2
1039,friends,1
1039,videos,1
1039,setup,1
1040,clicking,1
1040,mouse pad,1
1040,left click,1
1040,click,3
1040,cursor,1
1041,excellent,1
1041,turns,1
1041,price,1
1042,sleep mode,1
1042,tablet pc,2
1042,manufacturer,1
1042,packaging,1
1042,motherboard,1
1042,returned,1
1042,refurb,3
1042,refunded,1
1042,bluetooth,2
1043,smooth,1
1043,large tablet,1
1043,lit keyboard,1
1043,normal laptop,1
1043,protection,1
1043,docking station,2
1043,install,1
1043,watching movies,1
1043,portable,1
1044,convenience,1
1044,stylus,1
1044,sensitive,1
1044,connecting,1
1044,comfortable,1
1044,windows 10,1
1044,price,1
1044,holding,1
1044,touch screen,1
1044,power button,1
1044,start,1
1044,finger,1
1045,versatile,1
1045,purchase,1
1045,asus chromebook,1
1048,chromebook,2
1048,surfing,1
1048,screen resolution,1
1048,email,1
1048,track pad,1
1048,disappointed,1
1048,perfect size,1
1048,mouse,1
1048,video,1
1048,playing,1
1048,basically,1
1048,problem,4
1048,replace,2
1048,touch screen,1
1048,watch,1
1048,replaced,1
1048,application,1
1049,charge,1
1050,charging,1
1050,windows pc,1
1050,casual,1
1050,handy,1
1050,battery life,1
1050,phone,1
1051,bluetooth keyboard,1
1052,common problem,1
1052,windows 8,2
1052,disconnecting,1
1053,works fine,1
1054,quality,1
1055,hardware,1
1055,wonderful laptop,1
1056,deliver,1
1056,compact,1
1056,problem,1
1056,fixed,1
1056,micro,1
1056,uninstall,1
1056,drivers,1
1056,bloatware,1
1057,touch screen,1
1057,battery,1
1057,warranty,2
1057,charge,1
1060,printing,1
1060,firefox,1
1060,driver,1
1060,issues,1
1060,good size,1
1060,chrome,1
1060,money,1
1060,prefer,2
1060,tablet mode,2
1060,music,1
1060,asus transformer,1
1060,typing,1
1060,hp envy,2
1060,tricks,1
1060,good keyboard,1
1060,waste,1
1060,folders,1
1060,windows 8,1
1060,compared,2
1060,hands,1
1060,sleek,1
1060,husband,1
1060,laptop mode,1
1060,win 8,1
1060,traveling,2
1060,bit heavier,1
1060,pretty,1
1060,great battery life,1
1060,android,1
1060,system,1
1060,upgrade,1
1060,audio,3
1060,processor,2
1060,weight,2
1060,kindle fire,2
1060,updating,1
1060,print,2
1060,start,1
1060,windows,2
1060,clicked,1
1061,notice,1
1062,smooth,1
1062,stylus,1
1062,programs,1
1062,touch screen,1
1063,daughter loves,1
1064,advertised,1
1064,seller,1
1064,mousepad,1
1064,charged,1
1064,middle,1
1064,stopped working,1
1064,touchscreen,1
1064,cursor,1
1064,windows 8,1
1064,disappointing,1
1064,touch screen,1
1064,sleep,1
1065,excellent buy,1
1066,plenty,1
1066,drive space,1
1066,system,1
1066,windows 8,1
1067,school,3
1067,boot time,1
1067,beats,1
1067,price,1
1067,pretty,1
1067,light,2
1067,powerful,1
1067,3 seconds,1
1067,specs,1
1067,surface pro 2,1
1067,update,1
1067,glossy screen,1
1068,login screen,1
1068,booted,1
1068,company,1
1068,reset,1
1068,arrived,1
1068,refurbished,1
1068,passwords,1
1069,convenience,1
1069,trackpad,1
1069,charging,1
1069,2gb ram,1
1069,form factor,1
1069,sticky,1
1069,usb port,1
1069,charge,1
1069,battery life,1
1069,keyboard cover,3
1069,surfing,1
1069,snappy,1
1070,replace,2
1070,refund,1
1071,android apps,1
1071,chromebook,4
1071,compact,1
1071,light weight,1
1071,price,1
1071,asus chromebook flip,1
1072,motherboard,1
1072,hard drive,1
1072,disappointed,1
1072,repair,1
1072,lenovo,1
1073,reboot,1
1074,carry,1
1074,light weight,1
1075,lightness,1
1075,broke,1
1076,quality control,1
1076,chromebook,1
1076,usb port,1
1076,worth,1
1076,experience,2
1076,finger,1
1076,purchase,1
1076,operating system,1
1076,package,1
1077,school,1
1077,replace,1
1077,downfall,1
1078,control panel,1
1078,weight,1
1078,task bar,1
1079,pavilion,1
1079,school work,1
1080,waste,1
1082,light,1
1082,works perfectly,1
1085,manage,1
1085,additional storage,1
1085,connecting,1
1085,onedrive,2
1085,install,2
1085,touch screen works,1
1085,skeptical,1
1085,games,2
1085,storage,3
1085,detachable keyboard,1
1085,keyboard attached,1
1085,attaching,2
1085,windows 8,1
1085,print,2
1085,touch screen,2
1085,older games,1
1085,setup,1
1086,small,1
1086,figuring,1
1086,portable,1
1087,good screen,1
1087,carry,1
1087,hard disk,1
1088,touch screen,2
1088,movies,1
1088,smooth,1
1088,documents,1
1088,brand,1
1088,music,1
1089,advertised,1
1092,restart,1
1092,warranty,2
1092,freezes,1
1092,typing,1
1092,features,1
1092,laptops,1
1092,write,1
1092,cursor,1
1092,enter,1
1092,chrome book,1
1092,longer works,1
1092,google drive,1
1093,small,3
1093,form factor,1
1093,windows,8
1093,shocked,1
1093,prefer,1
1093,interface,3
1093,tablet mode,2
1093,usb port,3
1093,surface pro 3,4
1093,mouse,5
1093,hibernate,3
1093,microsoft,5
1093,desktop pc,1
1093,figured,1
1093,high school,1
1093,usb drive,1
1093,handy,1
1093,ipad 2,1
1093,8gb ram,1
1093,price,1
1093,clipboard,1
1093,driving,1
1093,long time,1
1093,plastic,1
1093,charge,1
1093,surface pro,5
1093,function keys,2
1093,thumb drive,2
1093,complicated,1
1093,connect,1
1093,tablets,2
1093,full keyboard,1
1093,bluetooth keyboard,1
1093,upgraded,2
1093,comfortable,1
1093,layout,2
1093,power,2
1093,sleep,2
1093,usb ports,1
1093,space,2
1093,speed,2
1093,turns,1
1093,main computer,1
1093,microsd,1
1093,slows,3
1093,answer,1
1093,options,1
1093,256gb ssd,1
1093,full laptop,1
1093,bigger,1
1093,windows 10 pro,1
1093,touchpad,3
1093,2 years,1
1093,usb 3,3
1094,installed,1
1094,weight,1
1094,performance,1
1094,web browsing,1
1094,folder,1
1094,light,1
1094,windows 10,1
1095,surface,1
1096,surface,1
1097,issues,1
1098,windows 10 home,2
1098,spectre,1
1098,display,1
1098,refurbished unit,1
1098,latest version,1
1098,drive,1
1098,install,1
1098,update,2
1100,chromebook,2
1100,audio,1
1100,listen,1
1100,college,1
1100,caps lock,1
1100,price,1
1100,windows,1
1100,music,1
1102,android phone,1
1102,mouse,1
1102,hp laptop,1
1102,chrome book,1
1102,smaller,1
1103,students,1
1104,school,3
1104,account,6
1104,problem,1
1104,monitor,2
1104,money,1
1105,design,1
1105,shopping,1
1105,lenovo,1
1105,speed,1
1105,hinges,1